<?xml version="1.0" encoding="utf-8"?>
<method>
    <submethods>
        <submethod program="OtofImpacTEMControl" revision="1">
            <name>backup-2023-08-14.m</name>
            <files>
                <file name="microTOFQImpacTemAcquisition.method"/>
                <file name="diaSettings.diasqlite"/>
                <file name="prmSettings.prmsqlite"/>
                <file name="Maldi.method"/>
            </files>
        </submethod>
    </submethods>
    <locked>false</locked>
    <readonly>true</readonly>
    <comment/>
</method>
