Frame,Spot,mz,mz_tolerance,ook0,ook0_tol,intensity
1,A1,622.025,0.05,0.982,0.05,191200
2,A2,622.025,0.05,0.982,0.05,186973
3,A3,622.025,0.05,0.982,0.05,194924
4,A4,622.025,0.05,0.982,0.05,206007
5,A5,622.025,0.05,0.982,0.05,195687
6,A6,622.025,0.05,0.982,0.05,199637
7,A7,622.025,0.05,0.982,0.05,198081
8,A8,622.025,0.05,0.982,0.05,211813
9,A9,622.025,0.05,0.982,0.05,221998
10,A10,622.025,0.05,0.982,0.05,192034
11,A11,622.025,0.05,0.982,0.05,213463
12,A12,622.025,0.05,0.982,0.05,205496
13,A13,622.025,0.05,0.982,0.05,193923
14,A14,622.025,0.05,0.982,0.05,203602
15,A15,622.025,0.05,0.982,0.05,199898
16,A16,622.025,0.05,0.982,0.05,206162
17,A17,622.025,0.05,0.982,0.05,195269
18,A18,622.025,0.05,0.982,0.05,195536
19,A19,622.025,0.05,0.982,0.05,206067
20,A20,622.025,0.05,0.982,0.05,210313
21,A21,622.025,0.05,0.982,0.05,204812
22,A22,622.025,0.05,0.982,0.05,233680
23,A23,622.025,0.05,0.982,0.05,208929
24,A24,622.025,0.05,0.982,0.05,185387
25,B1,622.025,0.05,0.982,0.05,203909
26,B2,622.025,0.05,0.982,0.05,220177
27,B3,622.025,0.05,0.982,0.05,187756
28,B4,622.025,0.05,0.982,0.05,201904
29,B5,622.025,0.05,0.982,0.05,208106
30,B6,622.025,0.05,0.982,0.05,74396
31,B7,622.025,0.05,0.982,0.05,193257
32,B8,622.025,0.05,0.982,0.05,183112
33,B9,622.025,0.05,0.982,0.05,200812
34,B10,622.025,0.05,0.982,0.05,188677
35,B11,622.025,0.05,0.982,0.05,212794
36,B12,622.025,0.05,0.982,0.05,198472
37,B13,622.025,0.05,0.982,0.05,199552
38,B14,622.025,0.05,0.982,0.05,191899
39,B15,622.025,0.05,0.982,0.05,230225
40,B16,622.025,0.05,0.982,0.05,210898
41,B17,622.025,0.05,0.982,0.05,192557
42,B18,622.025,0.05,0.982,0.05,213121
43,B19,622.025,0.05,0.982,0.05,203659
44,B20,622.025,0.05,0.982,0.05,202641
45,B21,622.025,0.05,0.982,0.05,205335
46,B22,622.025,0.05,0.982,0.05,217723
47,B23,622.025,0.05,0.982,0.05,193954
48,B24,622.025,0.05,0.982,0.05,228123
49,C1,622.025,0.05,0.982,0.05,231385
50,C2,622.025,0.05,0.982,0.05,195424
51,C3,622.025,0.05,0.982,0.05,210169
52,C4,622.025,0.05,0.982,0.05,198342
53,C5,622.025,0.05,0.982,0.05,197626
54,C6,622.025,0.05,0.982,0.05,198841
55,C7,622.025,0.05,0.982,0.05,213702
56,C8,622.025,0.05,0.982,0.05,198011
57,C9,622.025,0.05,0.982,0.05,185882
58,C10,622.025,0.05,0.982,0.05,190121
59,C11,622.025,0.05,0.982,0.05,209001
60,C12,622.025,0.05,0.982,0.05,192892
61,C13,622.025,0.05,0.982,0.05,216190
62,C14,622.025,0.05,0.982,0.05,202782
63,C15,622.025,0.05,0.982,0.05,208452
64,C16,622.025,0.05,0.982,0.05,191200
65,C17,622.025,0.05,0.982,0.05,186973
66,C18,622.025,0.05,0.982,0.05,194924
67,C19,622.025,0.05,0.982,0.05,206007
68,C20,622.025,0.05,0.982,0.05,195687
69,C21,622.025,0.05,0.982,0.05,199637
70,C22,622.025,0.05,0.982,0.05,198081
71,C23,622.025,0.05,0.982,0.05,211813
72,C24,622.025,0.05,0.982,0.05,221998
73,D1,622.025,0.05,0.982,0.05,192034
74,D2,622.025,0.05,0.982,0.05,213463
75,D3,622.025,0.05,0.982,0.05,205496
76,D4,622.025,0.05,0.982,0.05,193923
77,D5,622.025,0.05,0.982,0.05,203602
78,D6,622.025,0.05,0.982,0.05,199898
79,D7,622.025,0.05,0.982,0.05,206162
80,D8,622.025,0.05,0.982,0.05,195269
81,D9,622.025,0.05,0.982,0.05,195536
82,D10,622.025,0.05,0.982,0.05,206067
83,D11,622.025,0.05,0.982,0.05,210313
84,D12,622.025,0.05,0.982,0.05,204812
85,D13,622.025,0.05,0.982,0.05,233680
86,D14,622.025,0.05,0.982,0.05,208929
87,D15,622.025,0.05,0.982,0.05,185387
88,D16,622.025,0.05,0.982,0.05,203909
89,D17,622.025,0.05,0.982,0.05,220177
90,D18,622.025,0.05,0.982,0.05,187756
91,D19,622.025,0.05,0.982,0.05,201904
92,D20,622.025,0.05,0.982,0.05,208106
93,D21,622.025,0.05,0.982,0.05,74396
94,D22,622.025,0.05,0.982,0.05,193257
95,D23,622.025,0.05,0.982,0.05,183112
96,D24,622.025,0.05,0.982,0.05,200812
97,E1,622.025,0.05,0.982,0.05,188677
98,E2,622.025,0.05,0.982,0.05,212794
99,E3,622.025,0.05,0.982,0.05,198472
100,E4,622.025,0.05,0.982,0.05,199552
101,E5,622.025,0.05,0.982,0.05,191899
102,E6,622.025,0.05,0.982,0.05,230225
103,E7,622.025,0.05,0.982,0.05,210898
104,E8,622.025,0.05,0.982,0.05,192557
105,E9,622.025,0.05,0.982,0.05,213121
106,E10,622.025,0.05,0.982,0.05,203659
107,E11,622.025,0.05,0.982,0.05,202641
108,E12,622.025,0.05,0.982,0.05,205335
109,E13,622.025,0.05,0.982,0.05,217723
110,E14,622.025,0.05,0.982,0.05,193954
111,E15,622.025,0.05,0.982,0.05,228123
112,E16,622.025,0.05,0.982,0.05,231385
113,E17,622.025,0.05,0.982,0.05,195424
114,E18,622.025,0.05,0.982,0.05,210169
115,E19,622.025,0.05,0.982,0.05,198342
116,E20,622.025,0.05,0.982,0.05,197626
117,E21,622.025,0.05,0.982,0.05,198841
118,E22,622.025,0.05,0.982,0.05,213702
119,E23,622.025,0.05,0.982,0.05,198011
120,E24,622.025,0.05,0.982,0.05,185882
121,F1,622.025,0.05,0.982,0.05,190121
122,F2,622.025,0.05,0.982,0.05,209001
123,F3,622.025,0.05,0.982,0.05,192892
124,F4,622.025,0.05,0.982,0.05,216190
125,F5,622.025,0.05,0.982,0.05,202782
126,F6,622.025,0.05,0.982,0.05,208452
127,F7,622.025,0.05,0.982,0.05,191200
128,F8,622.025,0.05,0.982,0.05,186973
129,F9,622.025,0.05,0.982,0.05,194924
130,F10,622.025,0.05,0.982,0.05,206007
131,F11,622.025,0.05,0.982,0.05,195687
132,F12,622.025,0.05,0.982,0.05,199637
133,F13,622.025,0.05,0.982,0.05,198081
134,F14,622.025,0.05,0.982,0.05,211813
135,F15,622.025,0.05,0.982,0.05,221998
136,F16,622.025,0.05,0.982,0.05,192034
137,F17,622.025,0.05,0.982,0.05,213463
138,F18,622.025,0.05,0.982,0.05,205496
139,F19,622.025,0.05,0.982,0.05,193923
140,F20,622.025,0.05,0.982,0.05,203602
141,F21,622.025,0.05,0.982,0.05,199898
142,F22,622.025,0.05,0.982,0.05,206162
143,F23,622.025,0.05,0.982,0.05,195269
144,F24,622.025,0.05,0.982,0.05,195536
145,G1,622.025,0.05,0.982,0.05,206067
146,G2,622.025,0.05,0.982,0.05,210313
147,G3,622.025,0.05,0.982,0.05,204812
148,G4,622.025,0.05,0.982,0.05,233680
149,G5,622.025,0.05,0.982,0.05,208929
150,G6,622.025,0.05,0.982,0.05,185387
151,G7,622.025,0.05,0.982,0.05,203909
152,G8,622.025,0.05,0.982,0.05,220177
153,G9,622.025,0.05,0.982,0.05,187756
154,G10,622.025,0.05,0.982,0.05,201904
155,G11,622.025,0.05,0.982,0.05,208106
156,G12,622.025,0.05,0.982,0.05,74396
157,G13,622.025,0.05,0.982,0.05,193257
158,G14,622.025,0.05,0.982,0.05,183112
159,G15,622.025,0.05,0.982,0.05,200812
160,G16,622.025,0.05,0.982,0.05,188677
161,G17,622.025,0.05,0.982,0.05,212794
162,G18,622.025,0.05,0.982,0.05,198472
163,G19,622.025,0.05,0.982,0.05,199552
164,G20,622.025,0.05,0.982,0.05,191899
165,G21,622.025,0.05,0.982,0.05,230225
166,G22,622.025,0.05,0.982,0.05,210898
167,G23,622.025,0.05,0.982,0.05,192557
168,G24,622.025,0.05,0.982,0.05,213121
169,H1,622.025,0.05,0.982,0.05,203659
170,H2,622.025,0.05,0.982,0.05,202641
171,H3,622.025,0.05,0.982,0.05,205335
172,H4,622.025,0.05,0.982,0.05,217723
173,H5,622.025,0.05,0.982,0.05,193954
174,H6,622.025,0.05,0.982,0.05,228123
175,H7,622.025,0.05,0.982,0.05,231385
176,H8,622.025,0.05,0.982,0.05,195424
177,H9,622.025,0.05,0.982,0.05,210169
178,H10,622.025,0.05,0.982,0.05,198342
179,H11,622.025,0.05,0.982,0.05,197626
180,H12,622.025,0.05,0.982,0.05,198841
181,H13,622.025,0.05,0.982,0.05,213702
182,H14,622.025,0.05,0.982,0.05,198011
183,H15,622.025,0.05,0.982,0.05,185882
184,H16,622.025,0.05,0.982,0.05,190121
185,H17,622.025,0.05,0.982,0.05,209001
186,H18,622.025,0.05,0.982,0.05,192892
187,H19,622.025,0.05,0.982,0.05,216190
188,H20,622.025,0.05,0.982,0.05,202782
189,H21,622.025,0.05,0.982,0.05,208452
190,H22,622.025,0.05,0.982,0.05,191200
191,H23,622.025,0.05,0.982,0.05,186973
192,H24,622.025,0.05,0.982,0.05,194924
193,I1,622.025,0.05,0.982,0.05,206007
194,I2,622.025,0.05,0.982,0.05,195687
195,I3,622.025,0.05,0.982,0.05,199637
196,I4,622.025,0.05,0.982,0.05,198081
197,I5,622.025,0.05,0.982,0.05,211813
198,I6,622.025,0.05,0.982,0.05,221998
199,I7,622.025,0.05,0.982,0.05,192034
200,I8,622.025,0.05,0.982,0.05,213463
201,I9,622.025,0.05,0.982,0.05,205496
202,I10,622.025,0.05,0.982,0.05,193923
203,I11,622.025,0.05,0.982,0.05,203602
204,I12,622.025,0.05,0.982,0.05,199898
205,I13,622.025,0.05,0.982,0.05,206162
206,I14,622.025,0.05,0.982,0.05,195269
207,I15,622.025,0.05,0.982,0.05,195536
208,I16,622.025,0.05,0.982,0.05,206067
209,I17,622.025,0.05,0.982,0.05,210313
210,I18,622.025,0.05,0.982,0.05,204812
211,I19,622.025,0.05,0.982,0.05,233680
212,I20,622.025,0.05,0.982,0.05,208929
213,I21,622.025,0.05,0.982,0.05,185387
214,I22,622.025,0.05,0.982,0.05,203909
215,I23,622.025,0.05,0.982,0.05,220177
216,I24,622.025,0.05,0.982,0.05,187756
217,J1,622.025,0.05,0.982,0.05,201904
218,J2,622.025,0.05,0.982,0.05,208106
219,J3,622.025,0.05,0.982,0.05,74396
220,J4,622.025,0.05,0.982,0.05,193257
221,J5,622.025,0.05,0.982,0.05,183112
222,J6,622.025,0.05,0.982,0.05,200812
223,J7,622.025,0.05,0.982,0.05,188677
224,J8,622.025,0.05,0.982,0.05,212794
225,J9,622.025,0.05,0.982,0.05,198472
226,J10,622.025,0.05,0.982,0.05,199552
227,J11,622.025,0.05,0.982,0.05,191899
228,J12,622.025,0.05,0.982,0.05,230225
229,J13,622.025,0.05,0.982,0.05,210898
230,J14,622.025,0.05,0.982,0.05,192557
231,J15,622.025,0.05,0.982,0.05,213121
232,J16,622.025,0.05,0.982,0.05,203659
233,J17,622.025,0.05,0.982,0.05,202641
234,J18,622.025,0.05,0.982,0.05,205335
235,J19,622.025,0.05,0.982,0.05,217723
236,J20,622.025,0.05,0.982,0.05,193954
237,J21,622.025,0.05,0.982,0.05,228123
238,J22,622.025,0.05,0.982,0.05,231385
239,J23,622.025,0.05,0.982,0.05,195424
240,J24,622.025,0.05,0.982,0.05,210169
241,K1,622.025,0.05,0.982,0.05,198342
242,K2,622.025,0.05,0.982,0.05,197626
243,K3,622.025,0.05,0.982,0.05,198841
244,K4,622.025,0.05,0.982,0.05,213702
245,K5,622.025,0.05,0.982,0.05,198011
246,K6,622.025,0.05,0.982,0.05,185882
247,K7,622.025,0.05,0.982,0.05,190121
248,K8,622.025,0.05,0.982,0.05,209001
249,K9,622.025,0.05,0.982,0.05,192892
250,K10,622.025,0.05,0.982,0.05,216190
251,K11,622.025,0.05,0.982,0.05,202782
252,K12,622.025,0.05,0.982,0.05,208452
253,K13,622.025,0.05,0.982,0.05,191200
254,K14,622.025,0.05,0.982,0.05,186973
255,K15,622.025,0.05,0.982,0.05,194924
256,K16,622.025,0.05,0.982,0.05,206007
257,K17,622.025,0.05,0.982,0.05,195687
258,K18,622.025,0.05,0.982,0.05,199637
259,K19,622.025,0.05,0.982,0.05,198081
260,K20,622.025,0.05,0.982,0.05,211813
261,K21,622.025,0.05,0.982,0.05,221998
262,K22,622.025,0.05,0.982,0.05,192034
263,K23,622.025,0.05,0.982,0.05,213463
264,K24,622.025,0.05,0.982,0.05,205496
265,L1,622.025,0.05,0.982,0.05,193923
266,L2,622.025,0.05,0.982,0.05,203602
267,L3,622.025,0.05,0.982,0.05,199898
268,L4,622.025,0.05,0.982,0.05,206162
269,L5,622.025,0.05,0.982,0.05,195269
270,L6,622.025,0.05,0.982,0.05,195536
271,L7,622.025,0.05,0.982,0.05,206067
272,L8,622.025,0.05,0.982,0.05,210313
273,L9,622.025,0.05,0.982,0.05,204812
274,L10,622.025,0.05,0.982,0.05,233680
275,L11,622.025,0.05,0.982,0.05,208929
276,L12,622.025,0.05,0.982,0.05,185387
277,L13,622.025,0.05,0.982,0.05,203909
278,L14,622.025,0.05,0.982,0.05,220177
279,L15,622.025,0.05,0.982,0.05,187756
280,L16,622.025,0.05,0.982,0.05,201904
281,L17,622.025,0.05,0.982,0.05,208106
282,L18,622.025,0.05,0.982,0.05,74396
283,L19,622.025,0.05,0.982,0.05,193257
284,L20,622.025,0.05,0.982,0.05,183112
285,L21,622.025,0.05,0.982,0.05,200812
286,L22,622.025,0.05,0.982,0.05,188677
287,L23,622.025,0.05,0.982,0.05,212794
288,L24,622.025,0.05,0.982,0.05,198472
289,M1,622.025,0.05,0.982,0.05,199552
290,M2,622.025,0.05,0.982,0.05,191899
291,M3,622.025,0.05,0.982,0.05,230225
292,M4,622.025,0.05,0.982,0.05,210898
293,M5,622.025,0.05,0.982,0.05,192557
294,M6,622.025,0.05,0.982,0.05,213121
295,M7,622.025,0.05,0.982,0.05,203659
296,M8,622.025,0.05,0.982,0.05,202641
297,M9,622.025,0.05,0.982,0.05,205335
298,M10,622.025,0.05,0.982,0.05,217723
299,M11,622.025,0.05,0.982,0.05,193954
300,M12,622.025,0.05,0.982,0.05,228123
301,M13,622.025,0.05,0.982,0.05,231385
302,M14,622.025,0.05,0.982,0.05,195424
303,M15,622.025,0.05,0.982,0.05,210169
304,M16,622.025,0.05,0.982,0.05,198342
305,M17,622.025,0.05,0.982,0.05,197626
306,M18,622.025,0.05,0.982,0.05,198841
307,M19,622.025,0.05,0.982,0.05,213702
308,M20,622.025,0.05,0.982,0.05,198011
309,M21,622.025,0.05,0.982,0.05,185882
310,M22,622.025,0.05,0.982,0.05,190121
311,M23,622.025,0.05,0.982,0.05,209001
312,M24,622.025,0.05,0.982,0.05,192892
313,N1,622.025,0.05,0.982,0.05,216190
314,N2,622.025,0.05,0.982,0.05,202782
315,N3,622.025,0.05,0.982,0.05,208452
316,N4,622.025,0.05,0.982,0.05,191200
317,N5,622.025,0.05,0.982,0.05,186973
318,N6,622.025,0.05,0.982,0.05,194924
319,N7,622.025,0.05,0.982,0.05,206007
320,N8,622.025,0.05,0.982,0.05,195687
321,N9,622.025,0.05,0.982,0.05,199637
322,N10,622.025,0.05,0.982,0.05,198081
323,N11,622.025,0.05,0.982,0.05,211813
324,N12,622.025,0.05,0.982,0.05,221998
325,N13,622.025,0.05,0.982,0.05,192034
326,N14,622.025,0.05,0.982,0.05,213463
327,N15,622.025,0.05,0.982,0.05,205496
328,N16,622.025,0.05,0.982,0.05,193923
329,N17,622.025,0.05,0.982,0.05,203602
330,N18,622.025,0.05,0.982,0.05,199898
331,N19,622.025,0.05,0.982,0.05,206162
332,N20,622.025,0.05,0.982,0.05,195269
333,N21,622.025,0.05,0.982,0.05,195536
334,N22,622.025,0.05,0.982,0.05,206067
335,N23,622.025,0.05,0.982,0.05,210313
336,N24,622.025,0.05,0.982,0.05,204812
337,O1,622.025,0.05,0.982,0.05,233680
338,O2,622.025,0.05,0.982,0.05,208929
339,O3,622.025,0.05,0.982,0.05,185387
340,O4,622.025,0.05,0.982,0.05,203909
341,O5,622.025,0.05,0.982,0.05,220177
342,O6,622.025,0.05,0.982,0.05,187756
343,O7,622.025,0.05,0.982,0.05,201904
344,O8,622.025,0.05,0.982,0.05,208106
345,O9,622.025,0.05,0.982,0.05,74396
346,O10,622.025,0.05,0.982,0.05,193257
347,O11,622.025,0.05,0.982,0.05,183112
348,O12,622.025,0.05,0.982,0.05,200812
349,O13,622.025,0.05,0.982,0.05,188677
350,O14,622.025,0.05,0.982,0.05,212794
351,O15,622.025,0.05,0.982,0.05,198472
352,O16,622.025,0.05,0.982,0.05,199552
353,O17,622.025,0.05,0.982,0.05,191899
354,O18,622.025,0.05,0.982,0.05,230225
355,O19,622.025,0.05,0.982,0.05,210898
356,O20,622.025,0.05,0.982,0.05,192557
357,O21,622.025,0.05,0.982,0.05,213121
358,O22,622.025,0.05,0.982,0.05,203659
359,O23,622.025,0.05,0.982,0.05,202641
360,O24,622.025,0.05,0.982,0.05,205335
361,P1,622.025,0.05,0.982,0.05,217723
362,P2,622.025,0.05,0.982,0.05,193954
363,P3,622.025,0.05,0.982,0.05,228123
364,P4,622.025,0.05,0.982,0.05,231385
365,P5,622.025,0.05,0.982,0.05,195424
366,P6,622.025,0.05,0.982,0.05,210169
367,P7,622.025,0.05,0.982,0.05,198342
368,P8,622.025,0.05,0.982,0.05,197626
369,P9,622.025,0.05,0.982,0.05,198841
370,P10,622.025,0.05,0.982,0.05,213702
371,P11,622.025,0.05,0.982,0.05,198011
372,P12,622.025,0.05,0.982,0.05,185882
373,P13,622.025,0.05,0.982,0.05,190121
374,P14,622.025,0.05,0.982,0.05,209001
375,P15,622.025,0.05,0.982,0.05,192892
376,P16,622.025,0.05,0.982,0.05,216190
377,P17,622.025,0.05,0.982,0.05,202782
378,P18,622.025,0.05,0.982,0.05,208452
379,P19,622.025,0.05,0.982,0.05,191200
380,P20,622.025,0.05,0.982,0.05,186973
381,P21,622.025,0.05,0.982,0.05,194924
382,P22,622.025,0.05,0.982,0.05,206007
383,P23,622.025,0.05,0.982,0.05,195687
384,P24,622.025,0.05,0.982,0.05,199637
1,A1,922.014,0.05,1.19,0.05,54392
2,A2,922.014,0.05,1.19,0.05,46018
3,A3,922.014,0.05,1.19,0.05,51241
4,A4,922.014,0.05,1.19,0.05,50275
5,A5,922.014,0.05,1.19,0.05,51411
6,A6,922.014,0.05,1.19,0.05,51866
7,A7,922.014,0.05,1.19,0.05,56796
8,A8,922.014,0.05,1.19,0.05,51023
9,A9,922.014,0.05,1.19,0.05,52142
10,A10,922.014,0.05,1.19,0.05,51431
11,A11,922.014,0.05,1.19,0.05,45569
12,A12,922.014,0.05,1.19,0.05,50730
13,A13,922.014,0.05,1.19,0.05,48243
14,A14,922.014,0.05,1.19,0.05,51229
15,A15,922.014,0.05,1.19,0.05,50009
16,A16,922.014,0.05,1.19,0.05,50482
17,A17,922.014,0.05,1.19,0.05,50947
18,A18,922.014,0.05,1.19,0.05,48758
19,A19,922.014,0.05,1.19,0.05,50070
20,A20,922.014,0.05,1.19,0.05,48978
21,A21,922.014,0.05,1.19,0.05,45209
22,A22,922.014,0.05,1.19,0.05,50287
23,A23,922.014,0.05,1.19,0.05,52495
24,A24,922.014,0.05,1.19,0.05,54057
25,B1,922.014,0.05,1.19,0.05,51033
26,B2,922.014,0.05,1.19,0.05,45298
27,B3,922.014,0.05,1.19,0.05,49072
28,B4,922.014,0.05,1.19,0.05,46122
29,B5,922.014,0.05,1.19,0.05,48470
30,B6,922.014,0.05,1.19,0.05,69139
31,B7,922.014,0.05,1.19,0.05,52303
32,B8,922.014,0.05,1.19,0.05,49364
33,B9,922.014,0.05,1.19,0.05,55136
34,B10,922.014,0.05,1.19,0.05,48648
35,B11,922.014,0.05,1.19,0.05,50313
36,B12,922.014,0.05,1.19,0.05,46828
37,B13,922.014,0.05,1.19,0.05,52609
38,B14,922.014,0.05,1.19,0.05,53053
39,B15,922.014,0.05,1.19,0.05,49036
40,B16,922.014,0.05,1.19,0.05,49447
41,B17,922.014,0.05,1.19,0.05,51912
42,B18,922.014,0.05,1.19,0.05,50175
43,B19,922.014,0.05,1.19,0.05,47741
44,B20,922.014,0.05,1.19,0.05,51642
45,B21,922.014,0.05,1.19,0.05,49222
46,B22,922.014,0.05,1.19,0.05,50289
47,B23,922.014,0.05,1.19,0.05,48295
48,B24,922.014,0.05,1.19,0.05,115635
49,C1,922.014,0.05,1.19,0.05,48917
50,C2,922.014,0.05,1.19,0.05,52158
51,C3,922.014,0.05,1.19,0.05,49183
52,C4,922.014,0.05,1.19,0.05,53293
53,C5,922.014,0.05,1.19,0.05,50320
54,C6,922.014,0.05,1.19,0.05,52731
55,C7,922.014,0.05,1.19,0.05,47060
56,C8,922.014,0.05,1.19,0.05,49577
57,C9,922.014,0.05,1.19,0.05,46201
58,C10,922.014,0.05,1.19,0.05,50711
59,C11,922.014,0.05,1.19,0.05,51728
60,C12,922.014,0.05,1.19,0.05,50803
61,C13,922.014,0.05,1.19,0.05,47273
62,C14,922.014,0.05,1.19,0.05,50970
63,C15,922.014,0.05,1.19,0.05,49061
64,C16,922.014,0.05,1.19,0.05,54392
65,C17,922.014,0.05,1.19,0.05,46018
66,C18,922.014,0.05,1.19,0.05,51241
67,C19,922.014,0.05,1.19,0.05,50275
68,C20,922.014,0.05,1.19,0.05,51411
69,C21,922.014,0.05,1.19,0.05,51866
70,C22,922.014,0.05,1.19,0.05,56796
71,C23,922.014,0.05,1.19,0.05,51023
72,C24,922.014,0.05,1.19,0.05,52142
73,D1,922.014,0.05,1.19,0.05,51431
74,D2,922.014,0.05,1.19,0.05,45569
75,D3,922.014,0.05,1.19,0.05,50730
76,D4,922.014,0.05,1.19,0.05,48243
77,D5,922.014,0.05,1.19,0.05,51229
78,D6,922.014,0.05,1.19,0.05,50009
79,D7,922.014,0.05,1.19,0.05,50482
80,D8,922.014,0.05,1.19,0.05,50947
81,D9,922.014,0.05,1.19,0.05,48758
82,D10,922.014,0.05,1.19,0.05,50070
83,D11,922.014,0.05,1.19,0.05,48978
84,D12,922.014,0.05,1.19,0.05,45209
85,D13,922.014,0.05,1.19,0.05,50287
86,D14,922.014,0.05,1.19,0.05,52495
87,D15,922.014,0.05,1.19,0.05,54057
88,D16,922.014,0.05,1.19,0.05,51033
89,D17,922.014,0.05,1.19,0.05,45298
90,D18,922.014,0.05,1.19,0.05,49072
91,D19,922.014,0.05,1.19,0.05,46122
92,D20,922.014,0.05,1.19,0.05,48470
93,D21,922.014,0.05,1.19,0.05,69139
94,D22,922.014,0.05,1.19,0.05,52303
95,D23,922.014,0.05,1.19,0.05,49364
96,D24,922.014,0.05,1.19,0.05,55136
97,E1,922.014,0.05,1.19,0.05,48648
98,E2,922.014,0.05,1.19,0.05,50313
99,E3,922.014,0.05,1.19,0.05,46828
100,E4,922.014,0.05,1.19,0.05,52609
101,E5,922.014,0.05,1.19,0.05,53053
102,E6,922.014,0.05,1.19,0.05,49036
103,E7,922.014,0.05,1.19,0.05,49447
104,E8,922.014,0.05,1.19,0.05,51912
105,E9,922.014,0.05,1.19,0.05,50175
106,E10,922.014,0.05,1.19,0.05,47741
107,E11,922.014,0.05,1.19,0.05,51642
108,E12,922.014,0.05,1.19,0.05,49222
109,E13,922.014,0.05,1.19,0.05,50289
110,E14,922.014,0.05,1.19,0.05,48295
111,E15,922.014,0.05,1.19,0.05,115635
112,E16,922.014,0.05,1.19,0.05,48917
113,E17,922.014,0.05,1.19,0.05,52158
114,E18,922.014,0.05,1.19,0.05,49183
115,E19,922.014,0.05,1.19,0.05,53293
116,E20,922.014,0.05,1.19,0.05,50320
117,E21,922.014,0.05,1.19,0.05,52731
118,E22,922.014,0.05,1.19,0.05,47060
119,E23,922.014,0.05,1.19,0.05,49577
120,E24,922.014,0.05,1.19,0.05,46201
121,F1,922.014,0.05,1.19,0.05,50711
122,F2,922.014,0.05,1.19,0.05,51728
123,F3,922.014,0.05,1.19,0.05,50803
124,F4,922.014,0.05,1.19,0.05,47273
125,F5,922.014,0.05,1.19,0.05,50970
126,F6,922.014,0.05,1.19,0.05,49061
127,F7,922.014,0.05,1.19,0.05,54392
128,F8,922.014,0.05,1.19,0.05,46018
129,F9,922.014,0.05,1.19,0.05,51241
130,F10,922.014,0.05,1.19,0.05,50275
131,F11,922.014,0.05,1.19,0.05,51411
132,F12,922.014,0.05,1.19,0.05,51866
133,F13,922.014,0.05,1.19,0.05,56796
134,F14,922.014,0.05,1.19,0.05,51023
135,F15,922.014,0.05,1.19,0.05,52142
136,F16,922.014,0.05,1.19,0.05,51431
137,F17,922.014,0.05,1.19,0.05,45569
138,F18,922.014,0.05,1.19,0.05,50730
139,F19,922.014,0.05,1.19,0.05,48243
140,F20,922.014,0.05,1.19,0.05,51229
141,F21,922.014,0.05,1.19,0.05,50009
142,F22,922.014,0.05,1.19,0.05,50482
143,F23,922.014,0.05,1.19,0.05,50947
144,F24,922.014,0.05,1.19,0.05,48758
145,G1,922.014,0.05,1.19,0.05,50070
146,G2,922.014,0.05,1.19,0.05,48978
147,G3,922.014,0.05,1.19,0.05,45209
148,G4,922.014,0.05,1.19,0.05,50287
149,G5,922.014,0.05,1.19,0.05,52495
150,G6,922.014,0.05,1.19,0.05,54057
151,G7,922.014,0.05,1.19,0.05,51033
152,G8,922.014,0.05,1.19,0.05,45298
153,G9,922.014,0.05,1.19,0.05,49072
154,G10,922.014,0.05,1.19,0.05,46122
155,G11,922.014,0.05,1.19,0.05,48470
156,G12,922.014,0.05,1.19,0.05,69139
157,G13,922.014,0.05,1.19,0.05,52303
158,G14,922.014,0.05,1.19,0.05,49364
159,G15,922.014,0.05,1.19,0.05,55136
160,G16,922.014,0.05,1.19,0.05,48648
161,G17,922.014,0.05,1.19,0.05,50313
162,G18,922.014,0.05,1.19,0.05,46828
163,G19,922.014,0.05,1.19,0.05,52609
164,G20,922.014,0.05,1.19,0.05,53053
165,G21,922.014,0.05,1.19,0.05,49036
166,G22,922.014,0.05,1.19,0.05,49447
167,G23,922.014,0.05,1.19,0.05,51912
168,G24,922.014,0.05,1.19,0.05,50175
169,H1,922.014,0.05,1.19,0.05,47741
170,H2,922.014,0.05,1.19,0.05,51642
171,H3,922.014,0.05,1.19,0.05,49222
172,H4,922.014,0.05,1.19,0.05,50289
173,H5,922.014,0.05,1.19,0.05,48295
174,H6,922.014,0.05,1.19,0.05,115635
175,H7,922.014,0.05,1.19,0.05,48917
176,H8,922.014,0.05,1.19,0.05,52158
177,H9,922.014,0.05,1.19,0.05,49183
178,H10,922.014,0.05,1.19,0.05,53293
179,H11,922.014,0.05,1.19,0.05,50320
180,H12,922.014,0.05,1.19,0.05,52731
181,H13,922.014,0.05,1.19,0.05,47060
182,H14,922.014,0.05,1.19,0.05,49577
183,H15,922.014,0.05,1.19,0.05,46201
184,H16,922.014,0.05,1.19,0.05,50711
185,H17,922.014,0.05,1.19,0.05,51728
186,H18,922.014,0.05,1.19,0.05,50803
187,H19,922.014,0.05,1.19,0.05,47273
188,H20,922.014,0.05,1.19,0.05,50970
189,H21,922.014,0.05,1.19,0.05,49061
190,H22,922.014,0.05,1.19,0.05,54392
191,H23,922.014,0.05,1.19,0.05,46018
192,H24,922.014,0.05,1.19,0.05,51241
193,I1,922.014,0.05,1.19,0.05,50275
194,I2,922.014,0.05,1.19,0.05,51411
195,I3,922.014,0.05,1.19,0.05,51866
196,I4,922.014,0.05,1.19,0.05,56796
197,I5,922.014,0.05,1.19,0.05,51023
198,I6,922.014,0.05,1.19,0.05,52142
199,I7,922.014,0.05,1.19,0.05,51431
200,I8,922.014,0.05,1.19,0.05,45569
201,I9,922.014,0.05,1.19,0.05,50730
202,I10,922.014,0.05,1.19,0.05,48243
203,I11,922.014,0.05,1.19,0.05,51229
204,I12,922.014,0.05,1.19,0.05,50009
205,I13,922.014,0.05,1.19,0.05,50482
206,I14,922.014,0.05,1.19,0.05,50947
207,I15,922.014,0.05,1.19,0.05,48758
208,I16,922.014,0.05,1.19,0.05,50070
209,I17,922.014,0.05,1.19,0.05,48978
210,I18,922.014,0.05,1.19,0.05,45209
211,I19,922.014,0.05,1.19,0.05,50287
212,I20,922.014,0.05,1.19,0.05,52495
213,I21,922.014,0.05,1.19,0.05,54057
214,I22,922.014,0.05,1.19,0.05,51033
215,I23,922.014,0.05,1.19,0.05,45298
216,I24,922.014,0.05,1.19,0.05,49072
217,J1,922.014,0.05,1.19,0.05,46122
218,J2,922.014,0.05,1.19,0.05,48470
219,J3,922.014,0.05,1.19,0.05,69139
220,J4,922.014,0.05,1.19,0.05,52303
221,J5,922.014,0.05,1.19,0.05,49364
222,J6,922.014,0.05,1.19,0.05,55136
223,J7,922.014,0.05,1.19,0.05,48648
224,J8,922.014,0.05,1.19,0.05,50313
225,J9,922.014,0.05,1.19,0.05,46828
226,J10,922.014,0.05,1.19,0.05,52609
227,J11,922.014,0.05,1.19,0.05,53053
228,J12,922.014,0.05,1.19,0.05,49036
229,J13,922.014,0.05,1.19,0.05,49447
230,J14,922.014,0.05,1.19,0.05,51912
231,J15,922.014,0.05,1.19,0.05,50175
232,J16,922.014,0.05,1.19,0.05,47741
233,J17,922.014,0.05,1.19,0.05,51642
234,J18,922.014,0.05,1.19,0.05,49222
235,J19,922.014,0.05,1.19,0.05,50289
236,J20,922.014,0.05,1.19,0.05,48295
237,J21,922.014,0.05,1.19,0.05,115635
238,J22,922.014,0.05,1.19,0.05,48917
239,J23,922.014,0.05,1.19,0.05,52158
240,J24,922.014,0.05,1.19,0.05,49183
241,K1,922.014,0.05,1.19,0.05,53293
242,K2,922.014,0.05,1.19,0.05,50320
243,K3,922.014,0.05,1.19,0.05,52731
244,K4,922.014,0.05,1.19,0.05,47060
245,K5,922.014,0.05,1.19,0.05,49577
246,K6,922.014,0.05,1.19,0.05,46201
247,K7,922.014,0.05,1.19,0.05,50711
248,K8,922.014,0.05,1.19,0.05,51728
249,K9,922.014,0.05,1.19,0.05,50803
250,K10,922.014,0.05,1.19,0.05,47273
251,K11,922.014,0.05,1.19,0.05,50970
252,K12,922.014,0.05,1.19,0.05,49061
253,K13,922.014,0.05,1.19,0.05,54392
254,K14,922.014,0.05,1.19,0.05,46018
255,K15,922.014,0.05,1.19,0.05,51241
256,K16,922.014,0.05,1.19,0.05,50275
257,K17,922.014,0.05,1.19,0.05,51411
258,K18,922.014,0.05,1.19,0.05,51866
259,K19,922.014,0.05,1.19,0.05,56796
260,K20,922.014,0.05,1.19,0.05,51023
261,K21,922.014,0.05,1.19,0.05,52142
262,K22,922.014,0.05,1.19,0.05,51431
263,K23,922.014,0.05,1.19,0.05,45569
264,K24,922.014,0.05,1.19,0.05,50730
265,L1,922.014,0.05,1.19,0.05,48243
266,L2,922.014,0.05,1.19,0.05,51229
267,L3,922.014,0.05,1.19,0.05,50009
268,L4,922.014,0.05,1.19,0.05,50482
269,L5,922.014,0.05,1.19,0.05,50947
270,L6,922.014,0.05,1.19,0.05,48758
271,L7,922.014,0.05,1.19,0.05,50070
272,L8,922.014,0.05,1.19,0.05,48978
273,L9,922.014,0.05,1.19,0.05,45209
274,L10,922.014,0.05,1.19,0.05,50287
275,L11,922.014,0.05,1.19,0.05,52495
276,L12,922.014,0.05,1.19,0.05,54057
277,L13,922.014,0.05,1.19,0.05,51033
278,L14,922.014,0.05,1.19,0.05,45298
279,L15,922.014,0.05,1.19,0.05,49072
280,L16,922.014,0.05,1.19,0.05,46122
281,L17,922.014,0.05,1.19,0.05,48470
282,L18,922.014,0.05,1.19,0.05,69139
283,L19,922.014,0.05,1.19,0.05,52303
284,L20,922.014,0.05,1.19,0.05,49364
285,L21,922.014,0.05,1.19,0.05,55136
286,L22,922.014,0.05,1.19,0.05,48648
287,L23,922.014,0.05,1.19,0.05,50313
288,L24,922.014,0.05,1.19,0.05,46828
289,M1,922.014,0.05,1.19,0.05,52609
290,M2,922.014,0.05,1.19,0.05,53053
291,M3,922.014,0.05,1.19,0.05,49036
292,M4,922.014,0.05,1.19,0.05,49447
293,M5,922.014,0.05,1.19,0.05,51912
294,M6,922.014,0.05,1.19,0.05,50175
295,M7,922.014,0.05,1.19,0.05,47741
296,M8,922.014,0.05,1.19,0.05,51642
297,M9,922.014,0.05,1.19,0.05,49222
298,M10,922.014,0.05,1.19,0.05,50289
299,M11,922.014,0.05,1.19,0.05,48295
300,M12,922.014,0.05,1.19,0.05,115635
301,M13,922.014,0.05,1.19,0.05,48917
302,M14,922.014,0.05,1.19,0.05,52158
303,M15,922.014,0.05,1.19,0.05,49183
304,M16,922.014,0.05,1.19,0.05,53293
305,M17,922.014,0.05,1.19,0.05,50320
306,M18,922.014,0.05,1.19,0.05,52731
307,M19,922.014,0.05,1.19,0.05,47060
308,M20,922.014,0.05,1.19,0.05,49577
309,M21,922.014,0.05,1.19,0.05,46201
310,M22,922.014,0.05,1.19,0.05,50711
311,M23,922.014,0.05,1.19,0.05,51728
312,M24,922.014,0.05,1.19,0.05,50803
313,N1,922.014,0.05,1.19,0.05,47273
314,N2,922.014,0.05,1.19,0.05,50970
315,N3,922.014,0.05,1.19,0.05,49061
316,N4,922.014,0.05,1.19,0.05,54392
317,N5,922.014,0.05,1.19,0.05,46018
318,N6,922.014,0.05,1.19,0.05,51241
319,N7,922.014,0.05,1.19,0.05,50275
320,N8,922.014,0.05,1.19,0.05,51411
321,N9,922.014,0.05,1.19,0.05,51866
322,N10,922.014,0.05,1.19,0.05,56796
323,N11,922.014,0.05,1.19,0.05,51023
324,N12,922.014,0.05,1.19,0.05,52142
325,N13,922.014,0.05,1.19,0.05,51431
326,N14,922.014,0.05,1.19,0.05,45569
327,N15,922.014,0.05,1.19,0.05,50730
328,N16,922.014,0.05,1.19,0.05,48243
329,N17,922.014,0.05,1.19,0.05,51229
330,N18,922.014,0.05,1.19,0.05,50009
331,N19,922.014,0.05,1.19,0.05,50482
332,N20,922.014,0.05,1.19,0.05,50947
333,N21,922.014,0.05,1.19,0.05,48758
334,N22,922.014,0.05,1.19,0.05,50070
335,N23,922.014,0.05,1.19,0.05,48978
336,N24,922.014,0.05,1.19,0.05,45209
337,O1,922.014,0.05,1.19,0.05,50287
338,O2,922.014,0.05,1.19,0.05,52495
339,O3,922.014,0.05,1.19,0.05,54057
340,O4,922.014,0.05,1.19,0.05,51033
341,O5,922.014,0.05,1.19,0.05,45298
342,O6,922.014,0.05,1.19,0.05,49072
343,O7,922.014,0.05,1.19,0.05,46122
344,O8,922.014,0.05,1.19,0.05,48470
345,O9,922.014,0.05,1.19,0.05,69139
346,O10,922.014,0.05,1.19,0.05,52303
347,O11,922.014,0.05,1.19,0.05,49364
348,O12,922.014,0.05,1.19,0.05,55136
349,O13,922.014,0.05,1.19,0.05,48648
350,O14,922.014,0.05,1.19,0.05,50313
351,O15,922.014,0.05,1.19,0.05,46828
352,O16,922.014,0.05,1.19,0.05,52609
353,O17,922.014,0.05,1.19,0.05,53053
354,O18,922.014,0.05,1.19,0.05,49036
355,O19,922.014,0.05,1.19,0.05,49447
356,O20,922.014,0.05,1.19,0.05,51912
357,O21,922.014,0.05,1.19,0.05,50175
358,O22,922.014,0.05,1.19,0.05,47741
359,O23,922.014,0.05,1.19,0.05,51642
360,O24,922.014,0.05,1.19,0.05,49222
361,P1,922.014,0.05,1.19,0.05,50289
362,P2,922.014,0.05,1.19,0.05,48295
363,P3,922.014,0.05,1.19,0.05,115635
364,P4,922.014,0.05,1.19,0.05,48917
365,P5,922.014,0.05,1.19,0.05,52158
366,P6,922.014,0.05,1.19,0.05,49183
367,P7,922.014,0.05,1.19,0.05,53293
368,P8,922.014,0.05,1.19,0.05,50320
369,P9,922.014,0.05,1.19,0.05,52731
370,P10,922.014,0.05,1.19,0.05,47060
371,P11,922.014,0.05,1.19,0.05,49577
372,P12,922.014,0.05,1.19,0.05,46201
373,P13,922.014,0.05,1.19,0.05,50711
374,P14,922.014,0.05,1.19,0.05,51728
375,P15,922.014,0.05,1.19,0.05,50803
376,P16,922.014,0.05,1.19,0.05,47273
377,P17,922.014,0.05,1.19,0.05,50970
378,P18,922.014,0.05,1.19,0.05,49061
379,P19,922.014,0.05,1.19,0.05,54392
380,P20,922.014,0.05,1.19,0.05,46018
381,P21,922.014,0.05,1.19,0.05,51241
382,P22,922.014,0.05,1.19,0.05,50275
383,P23,922.014,0.05,1.19,0.05,51411
384,P24,922.014,0.05,1.19,0.05,51866
1,A1,1222.0,0.05,1.386,0.05,22706
2,A2,1222.0,0.05,1.386,0.05,21310
3,A3,1222.0,0.05,1.386,0.05,19240
4,A4,1222.0,0.05,1.386,0.05,21056
5,A5,1222.0,0.05,1.386,0.05,22671
6,A6,1222.0,0.05,1.386,0.05,20864
7,A7,1222.0,0.05,1.386,0.05,24849
8,A8,1222.0,0.05,1.386,0.05,20350
9,A9,1222.0,0.05,1.386,0.05,18950
10,A10,1222.0,0.05,1.386,0.05,20315
11,A11,1222.0,0.05,1.386,0.05,20671
12,A12,1222.0,0.05,1.386,0.05,18590
13,A13,1222.0,0.05,1.386,0.05,21402
14,A14,1222.0,0.05,1.386,0.05,21225
15,A15,1222.0,0.05,1.386,0.05,21055
16,A16,1222.0,0.05,1.386,0.05,19461
17,A17,1222.0,0.05,1.386,0.05,24115
18,A18,1222.0,0.05,1.386,0.05,20861
19,A19,1222.0,0.05,1.386,0.05,24399
20,A20,1222.0,0.05,1.386,0.05,24388
21,A21,1222.0,0.05,1.386,0.05,18146
22,A22,1222.0,0.05,1.386,0.05,18148
23,A23,1222.0,0.05,1.386,0.05,21011
24,A24,1222.0,0.05,1.386,0.05,21650
25,B1,1222.0,0.05,1.386,0.05,19597
26,B2,1222.0,0.05,1.386,0.05,18420
27,B3,1222.0,0.05,1.386,0.05,18780
28,B4,1222.0,0.05,1.386,0.05,20254
29,B5,1222.0,0.05,1.386,0.05,19186
30,B6,1222.0,0.05,1.386,0.05,56612
31,B7,1222.0,0.05,1.386,0.05,23767
32,B8,1222.0,0.05,1.386,0.05,17955
33,B9,1222.0,0.05,1.386,0.05,21964
34,B10,1222.0,0.05,1.386,0.05,20502
35,B11,1222.0,0.05,1.386,0.05,19681
36,B12,1222.0,0.05,1.386,0.05,21444
37,B13,1222.0,0.05,1.386,0.05,23843
38,B14,1222.0,0.05,1.386,0.05,20877
39,B15,1222.0,0.05,1.386,0.05,22592
40,B16,1222.0,0.05,1.386,0.05,21374
41,B17,1222.0,0.05,1.386,0.05,21835
42,B18,1222.0,0.05,1.386,0.05,22690
43,B19,1222.0,0.05,1.386,0.05,20762
44,B20,1222.0,0.05,1.386,0.05,18949
45,B21,1222.0,0.05,1.386,0.05,23024
46,B22,1222.0,0.05,1.386,0.05,21594
47,B23,1222.0,0.05,1.386,0.05,19839
48,B24,1222.0,0.05,1.386,0.05,41129
49,C1,1222.0,0.05,1.386,0.05,19522
50,C2,1222.0,0.05,1.386,0.05,18662
51,C3,1222.0,0.05,1.386,0.05,24282
52,C4,1222.0,0.05,1.386,0.05,20400
53,C5,1222.0,0.05,1.386,0.05,22292
54,C6,1222.0,0.05,1.386,0.05,19065
55,C7,1222.0,0.05,1.386,0.05,24157
56,C8,1222.0,0.05,1.386,0.05,21144
57,C9,1222.0,0.05,1.386,0.05,19106
58,C10,1222.0,0.05,1.386,0.05,21591
59,C11,1222.0,0.05,1.386,0.05,19141
60,C12,1222.0,0.05,1.386,0.05,21004
61,C13,1222.0,0.05,1.386,0.05,21340
62,C14,1222.0,0.05,1.386,0.05,20589
63,C15,1222.0,0.05,1.386,0.05,21170
64,C16,1222.0,0.05,1.386,0.05,22706
65,C17,1222.0,0.05,1.386,0.05,21310
66,C18,1222.0,0.05,1.386,0.05,19240
67,C19,1222.0,0.05,1.386,0.05,21056
68,C20,1222.0,0.05,1.386,0.05,22671
69,C21,1222.0,0.05,1.386,0.05,20864
70,C22,1222.0,0.05,1.386,0.05,24849
71,C23,1222.0,0.05,1.386,0.05,20350
72,C24,1222.0,0.05,1.386,0.05,18950
73,D1,1222.0,0.05,1.386,0.05,20315
74,D2,1222.0,0.05,1.386,0.05,20671
75,D3,1222.0,0.05,1.386,0.05,18590
76,D4,1222.0,0.05,1.386,0.05,21402
77,D5,1222.0,0.05,1.386,0.05,21225
78,D6,1222.0,0.05,1.386,0.05,21055
79,D7,1222.0,0.05,1.386,0.05,19461
80,D8,1222.0,0.05,1.386,0.05,24115
81,D9,1222.0,0.05,1.386,0.05,20861
82,D10,1222.0,0.05,1.386,0.05,24399
83,D11,1222.0,0.05,1.386,0.05,24388
84,D12,1222.0,0.05,1.386,0.05,18146
85,D13,1222.0,0.05,1.386,0.05,18148
86,D14,1222.0,0.05,1.386,0.05,21011
87,D15,1222.0,0.05,1.386,0.05,21650
88,D16,1222.0,0.05,1.386,0.05,19597
89,D17,1222.0,0.05,1.386,0.05,18420
90,D18,1222.0,0.05,1.386,0.05,18780
91,D19,1222.0,0.05,1.386,0.05,20254
92,D20,1222.0,0.05,1.386,0.05,19186
93,D21,1222.0,0.05,1.386,0.05,56612
94,D22,1222.0,0.05,1.386,0.05,23767
95,D23,1222.0,0.05,1.386,0.05,17955
96,D24,1222.0,0.05,1.386,0.05,21964
97,E1,1222.0,0.05,1.386,0.05,20502
98,E2,1222.0,0.05,1.386,0.05,19681
99,E3,1222.0,0.05,1.386,0.05,21444
100,E4,1222.0,0.05,1.386,0.05,23843
101,E5,1222.0,0.05,1.386,0.05,20877
102,E6,1222.0,0.05,1.386,0.05,22592
103,E7,1222.0,0.05,1.386,0.05,21374
104,E8,1222.0,0.05,1.386,0.05,21835
105,E9,1222.0,0.05,1.386,0.05,22690
106,E10,1222.0,0.05,1.386,0.05,20762
107,E11,1222.0,0.05,1.386,0.05,18949
108,E12,1222.0,0.05,1.386,0.05,23024
109,E13,1222.0,0.05,1.386,0.05,21594
110,E14,1222.0,0.05,1.386,0.05,19839
111,E15,1222.0,0.05,1.386,0.05,41129
112,E16,1222.0,0.05,1.386,0.05,19522
113,E17,1222.0,0.05,1.386,0.05,18662
114,E18,1222.0,0.05,1.386,0.05,24282
115,E19,1222.0,0.05,1.386,0.05,20400
116,E20,1222.0,0.05,1.386,0.05,22292
117,E21,1222.0,0.05,1.386,0.05,19065
118,E22,1222.0,0.05,1.386,0.05,24157
119,E23,1222.0,0.05,1.386,0.05,21144
120,E24,1222.0,0.05,1.386,0.05,19106
121,F1,1222.0,0.05,1.386,0.05,21591
122,F2,1222.0,0.05,1.386,0.05,19141
123,F3,1222.0,0.05,1.386,0.05,21004
124,F4,1222.0,0.05,1.386,0.05,21340
125,F5,1222.0,0.05,1.386,0.05,20589
126,F6,1222.0,0.05,1.386,0.05,21170
127,F7,1222.0,0.05,1.386,0.05,22706
128,F8,1222.0,0.05,1.386,0.05,21310
129,F9,1222.0,0.05,1.386,0.05,19240
130,F10,1222.0,0.05,1.386,0.05,21056
131,F11,1222.0,0.05,1.386,0.05,22671
132,F12,1222.0,0.05,1.386,0.05,20864
133,F13,1222.0,0.05,1.386,0.05,24849
134,F14,1222.0,0.05,1.386,0.05,20350
135,F15,1222.0,0.05,1.386,0.05,18950
136,F16,1222.0,0.05,1.386,0.05,20315
137,F17,1222.0,0.05,1.386,0.05,20671
138,F18,1222.0,0.05,1.386,0.05,18590
139,F19,1222.0,0.05,1.386,0.05,21402
140,F20,1222.0,0.05,1.386,0.05,21225
141,F21,1222.0,0.05,1.386,0.05,21055
142,F22,1222.0,0.05,1.386,0.05,19461
143,F23,1222.0,0.05,1.386,0.05,24115
144,F24,1222.0,0.05,1.386,0.05,20861
145,G1,1222.0,0.05,1.386,0.05,24399
146,G2,1222.0,0.05,1.386,0.05,24388
147,G3,1222.0,0.05,1.386,0.05,18146
148,G4,1222.0,0.05,1.386,0.05,18148
149,G5,1222.0,0.05,1.386,0.05,21011
150,G6,1222.0,0.05,1.386,0.05,21650
151,G7,1222.0,0.05,1.386,0.05,19597
152,G8,1222.0,0.05,1.386,0.05,18420
153,G9,1222.0,0.05,1.386,0.05,18780
154,G10,1222.0,0.05,1.386,0.05,20254
155,G11,1222.0,0.05,1.386,0.05,19186
156,G12,1222.0,0.05,1.386,0.05,56612
157,G13,1222.0,0.05,1.386,0.05,23767
158,G14,1222.0,0.05,1.386,0.05,17955
159,G15,1222.0,0.05,1.386,0.05,21964
160,G16,1222.0,0.05,1.386,0.05,20502
161,G17,1222.0,0.05,1.386,0.05,19681
162,G18,1222.0,0.05,1.386,0.05,21444
163,G19,1222.0,0.05,1.386,0.05,23843
164,G20,1222.0,0.05,1.386,0.05,20877
165,G21,1222.0,0.05,1.386,0.05,22592
166,G22,1222.0,0.05,1.386,0.05,21374
167,G23,1222.0,0.05,1.386,0.05,21835
168,G24,1222.0,0.05,1.386,0.05,22690
169,H1,1222.0,0.05,1.386,0.05,20762
170,H2,1222.0,0.05,1.386,0.05,18949
171,H3,1222.0,0.05,1.386,0.05,23024
172,H4,1222.0,0.05,1.386,0.05,21594
173,H5,1222.0,0.05,1.386,0.05,19839
174,H6,1222.0,0.05,1.386,0.05,41129
175,H7,1222.0,0.05,1.386,0.05,19522
176,H8,1222.0,0.05,1.386,0.05,18662
177,H9,1222.0,0.05,1.386,0.05,24282
178,H10,1222.0,0.05,1.386,0.05,20400
179,H11,1222.0,0.05,1.386,0.05,22292
180,H12,1222.0,0.05,1.386,0.05,19065
181,H13,1222.0,0.05,1.386,0.05,24157
182,H14,1222.0,0.05,1.386,0.05,21144
183,H15,1222.0,0.05,1.386,0.05,19106
184,H16,1222.0,0.05,1.386,0.05,21591
185,H17,1222.0,0.05,1.386,0.05,19141
186,H18,1222.0,0.05,1.386,0.05,21004
187,H19,1222.0,0.05,1.386,0.05,21340
188,H20,1222.0,0.05,1.386,0.05,20589
189,H21,1222.0,0.05,1.386,0.05,21170
190,H22,1222.0,0.05,1.386,0.05,22706
191,H23,1222.0,0.05,1.386,0.05,21310
192,H24,1222.0,0.05,1.386,0.05,19240
193,I1,1222.0,0.05,1.386,0.05,21056
194,I2,1222.0,0.05,1.386,0.05,22671
195,I3,1222.0,0.05,1.386,0.05,20864
196,I4,1222.0,0.05,1.386,0.05,24849
197,I5,1222.0,0.05,1.386,0.05,20350
198,I6,1222.0,0.05,1.386,0.05,18950
199,I7,1222.0,0.05,1.386,0.05,20315
200,I8,1222.0,0.05,1.386,0.05,20671
201,I9,1222.0,0.05,1.386,0.05,18590
202,I10,1222.0,0.05,1.386,0.05,21402
203,I11,1222.0,0.05,1.386,0.05,21225
204,I12,1222.0,0.05,1.386,0.05,21055
205,I13,1222.0,0.05,1.386,0.05,19461
206,I14,1222.0,0.05,1.386,0.05,24115
207,I15,1222.0,0.05,1.386,0.05,20861
208,I16,1222.0,0.05,1.386,0.05,24399
209,I17,1222.0,0.05,1.386,0.05,24388
210,I18,1222.0,0.05,1.386,0.05,18146
211,I19,1222.0,0.05,1.386,0.05,18148
212,I20,1222.0,0.05,1.386,0.05,21011
213,I21,1222.0,0.05,1.386,0.05,21650
214,I22,1222.0,0.05,1.386,0.05,19597
215,I23,1222.0,0.05,1.386,0.05,18420
216,I24,1222.0,0.05,1.386,0.05,18780
217,J1,1222.0,0.05,1.386,0.05,20254
218,J2,1222.0,0.05,1.386,0.05,19186
219,J3,1222.0,0.05,1.386,0.05,56612
220,J4,1222.0,0.05,1.386,0.05,23767
221,J5,1222.0,0.05,1.386,0.05,17955
222,J6,1222.0,0.05,1.386,0.05,21964
223,J7,1222.0,0.05,1.386,0.05,20502
224,J8,1222.0,0.05,1.386,0.05,19681
225,J9,1222.0,0.05,1.386,0.05,21444
226,J10,1222.0,0.05,1.386,0.05,23843
227,J11,1222.0,0.05,1.386,0.05,20877
228,J12,1222.0,0.05,1.386,0.05,22592
229,J13,1222.0,0.05,1.386,0.05,21374
230,J14,1222.0,0.05,1.386,0.05,21835
231,J15,1222.0,0.05,1.386,0.05,22690
232,J16,1222.0,0.05,1.386,0.05,20762
233,J17,1222.0,0.05,1.386,0.05,18949
234,J18,1222.0,0.05,1.386,0.05,23024
235,J19,1222.0,0.05,1.386,0.05,21594
236,J20,1222.0,0.05,1.386,0.05,19839
237,J21,1222.0,0.05,1.386,0.05,41129
238,J22,1222.0,0.05,1.386,0.05,19522
239,J23,1222.0,0.05,1.386,0.05,18662
240,J24,1222.0,0.05,1.386,0.05,24282
241,K1,1222.0,0.05,1.386,0.05,20400
242,K2,1222.0,0.05,1.386,0.05,22292
243,K3,1222.0,0.05,1.386,0.05,19065
244,K4,1222.0,0.05,1.386,0.05,24157
245,K5,1222.0,0.05,1.386,0.05,21144
246,K6,1222.0,0.05,1.386,0.05,19106
247,K7,1222.0,0.05,1.386,0.05,21591
248,K8,1222.0,0.05,1.386,0.05,19141
249,K9,1222.0,0.05,1.386,0.05,21004
250,K10,1222.0,0.05,1.386,0.05,21340
251,K11,1222.0,0.05,1.386,0.05,20589
252,K12,1222.0,0.05,1.386,0.05,21170
253,K13,1222.0,0.05,1.386,0.05,22706
254,K14,1222.0,0.05,1.386,0.05,21310
255,K15,1222.0,0.05,1.386,0.05,19240
256,K16,1222.0,0.05,1.386,0.05,21056
257,K17,1222.0,0.05,1.386,0.05,22671
258,K18,1222.0,0.05,1.386,0.05,20864
259,K19,1222.0,0.05,1.386,0.05,24849
260,K20,1222.0,0.05,1.386,0.05,20350
261,K21,1222.0,0.05,1.386,0.05,18950
262,K22,1222.0,0.05,1.386,0.05,20315
263,K23,1222.0,0.05,1.386,0.05,20671
264,K24,1222.0,0.05,1.386,0.05,18590
265,L1,1222.0,0.05,1.386,0.05,21402
266,L2,1222.0,0.05,1.386,0.05,21225
267,L3,1222.0,0.05,1.386,0.05,21055
268,L4,1222.0,0.05,1.386,0.05,19461
269,L5,1222.0,0.05,1.386,0.05,24115
270,L6,1222.0,0.05,1.386,0.05,20861
271,L7,1222.0,0.05,1.386,0.05,24399
272,L8,1222.0,0.05,1.386,0.05,24388
273,L9,1222.0,0.05,1.386,0.05,18146
274,L10,1222.0,0.05,1.386,0.05,18148
275,L11,1222.0,0.05,1.386,0.05,21011
276,L12,1222.0,0.05,1.386,0.05,21650
277,L13,1222.0,0.05,1.386,0.05,19597
278,L14,1222.0,0.05,1.386,0.05,18420
279,L15,1222.0,0.05,1.386,0.05,18780
280,L16,1222.0,0.05,1.386,0.05,20254
281,L17,1222.0,0.05,1.386,0.05,19186
282,L18,1222.0,0.05,1.386,0.05,56612
283,L19,1222.0,0.05,1.386,0.05,23767
284,L20,1222.0,0.05,1.386,0.05,17955
285,L21,1222.0,0.05,1.386,0.05,21964
286,L22,1222.0,0.05,1.386,0.05,20502
287,L23,1222.0,0.05,1.386,0.05,19681
288,L24,1222.0,0.05,1.386,0.05,21444
289,M1,1222.0,0.05,1.386,0.05,23843
290,M2,1222.0,0.05,1.386,0.05,20877
291,M3,1222.0,0.05,1.386,0.05,22592
292,M4,1222.0,0.05,1.386,0.05,21374
293,M5,1222.0,0.05,1.386,0.05,21835
294,M6,1222.0,0.05,1.386,0.05,22690
295,M7,1222.0,0.05,1.386,0.05,20762
296,M8,1222.0,0.05,1.386,0.05,18949
297,M9,1222.0,0.05,1.386,0.05,23024
298,M10,1222.0,0.05,1.386,0.05,21594
299,M11,1222.0,0.05,1.386,0.05,19839
300,M12,1222.0,0.05,1.386,0.05,41129
301,M13,1222.0,0.05,1.386,0.05,19522
302,M14,1222.0,0.05,1.386,0.05,18662
303,M15,1222.0,0.05,1.386,0.05,24282
304,M16,1222.0,0.05,1.386,0.05,20400
305,M17,1222.0,0.05,1.386,0.05,22292
306,M18,1222.0,0.05,1.386,0.05,19065
307,M19,1222.0,0.05,1.386,0.05,24157
308,M20,1222.0,0.05,1.386,0.05,21144
309,M21,1222.0,0.05,1.386,0.05,19106
310,M22,1222.0,0.05,1.386,0.05,21591
311,M23,1222.0,0.05,1.386,0.05,19141
312,M24,1222.0,0.05,1.386,0.05,21004
313,N1,1222.0,0.05,1.386,0.05,21340
314,N2,1222.0,0.05,1.386,0.05,20589
315,N3,1222.0,0.05,1.386,0.05,21170
316,N4,1222.0,0.05,1.386,0.05,22706
317,N5,1222.0,0.05,1.386,0.05,21310
318,N6,1222.0,0.05,1.386,0.05,19240
319,N7,1222.0,0.05,1.386,0.05,21056
320,N8,1222.0,0.05,1.386,0.05,22671
321,N9,1222.0,0.05,1.386,0.05,20864
322,N10,1222.0,0.05,1.386,0.05,24849
323,N11,1222.0,0.05,1.386,0.05,20350
324,N12,1222.0,0.05,1.386,0.05,18950
325,N13,1222.0,0.05,1.386,0.05,20315
326,N14,1222.0,0.05,1.386,0.05,20671
327,N15,1222.0,0.05,1.386,0.05,18590
328,N16,1222.0,0.05,1.386,0.05,21402
329,N17,1222.0,0.05,1.386,0.05,21225
330,N18,1222.0,0.05,1.386,0.05,21055
331,N19,1222.0,0.05,1.386,0.05,19461
332,N20,1222.0,0.05,1.386,0.05,24115
333,N21,1222.0,0.05,1.386,0.05,20861
334,N22,1222.0,0.05,1.386,0.05,24399
335,N23,1222.0,0.05,1.386,0.05,24388
336,N24,1222.0,0.05,1.386,0.05,18146
337,O1,1222.0,0.05,1.386,0.05,18148
338,O2,1222.0,0.05,1.386,0.05,21011
339,O3,1222.0,0.05,1.386,0.05,21650
340,O4,1222.0,0.05,1.386,0.05,19597
341,O5,1222.0,0.05,1.386,0.05,18420
342,O6,1222.0,0.05,1.386,0.05,18780
343,O7,1222.0,0.05,1.386,0.05,20254
344,O8,1222.0,0.05,1.386,0.05,19186
345,O9,1222.0,0.05,1.386,0.05,56612
346,O10,1222.0,0.05,1.386,0.05,23767
347,O11,1222.0,0.05,1.386,0.05,17955
348,O12,1222.0,0.05,1.386,0.05,21964
349,O13,1222.0,0.05,1.386,0.05,20502
350,O14,1222.0,0.05,1.386,0.05,19681
351,O15,1222.0,0.05,1.386,0.05,21444
352,O16,1222.0,0.05,1.386,0.05,23843
353,O17,1222.0,0.05,1.386,0.05,20877
354,O18,1222.0,0.05,1.386,0.05,22592
355,O19,1222.0,0.05,1.386,0.05,21374
356,O20,1222.0,0.05,1.386,0.05,21835
357,O21,1222.0,0.05,1.386,0.05,22690
358,O22,1222.0,0.05,1.386,0.05,20762
359,O23,1222.0,0.05,1.386,0.05,18949
360,O24,1222.0,0.05,1.386,0.05,23024
361,P1,1222.0,0.05,1.386,0.05,21594
362,P2,1222.0,0.05,1.386,0.05,19839
363,P3,1222.0,0.05,1.386,0.05,41129
364,P4,1222.0,0.05,1.386,0.05,19522
365,P5,1222.0,0.05,1.386,0.05,18662
366,P6,1222.0,0.05,1.386,0.05,24282
367,P7,1222.0,0.05,1.386,0.05,20400
368,P8,1222.0,0.05,1.386,0.05,22292
369,P9,1222.0,0.05,1.386,0.05,19065
370,P10,1222.0,0.05,1.386,0.05,24157
371,P11,1222.0,0.05,1.386,0.05,21144
372,P12,1222.0,0.05,1.386,0.05,19106
373,P13,1222.0,0.05,1.386,0.05,21591
374,P14,1222.0,0.05,1.386,0.05,19141
375,P15,1222.0,0.05,1.386,0.05,21004
376,P16,1222.0,0.05,1.386,0.05,21340
377,P17,1222.0,0.05,1.386,0.05,20589
378,P18,1222.0,0.05,1.386,0.05,21170
379,P19,1222.0,0.05,1.386,0.05,22706
380,P20,1222.0,0.05,1.386,0.05,21310
381,P21,1222.0,0.05,1.386,0.05,19240
382,P22,1222.0,0.05,1.386,0.05,21056
383,P23,1222.0,0.05,1.386,0.05,22671
384,P24,1222.0,0.05,1.386,0.05,20864
1,A1,1521.97,0.05,1.564,0.05,17802
2,A2,1521.97,0.05,1.564,0.05,15153
3,A3,1521.97,0.05,1.564,0.05,15001
4,A4,1521.97,0.05,1.564,0.05,16569
5,A5,1521.97,0.05,1.564,0.05,17882
6,A6,1521.97,0.05,1.564,0.05,18128
7,A7,1521.97,0.05,1.564,0.05,19807
8,A8,1521.97,0.05,1.564,0.05,16619
9,A9,1521.97,0.05,1.564,0.05,15773
10,A10,1521.97,0.05,1.564,0.05,19028
11,A11,1521.97,0.05,1.564,0.05,16400
12,A12,1521.97,0.05,1.564,0.05,18147
13,A13,1521.97,0.05,1.564,0.05,15238
14,A14,1521.97,0.05,1.564,0.05,17629
15,A15,1521.97,0.05,1.564,0.05,19375
16,A16,1521.97,0.05,1.564,0.05,20216
17,A17,1521.97,0.05,1.564,0.05,17188
18,A18,1521.97,0.05,1.564,0.05,19664
19,A19,1521.97,0.05,1.564,0.05,20211
20,A20,1521.97,0.05,1.564,0.05,15752
21,A21,1521.97,0.05,1.564,0.05,17829
22,A22,1521.97,0.05,1.564,0.05,16409
23,A23,1521.97,0.05,1.564,0.05,16750
24,A24,1521.97,0.05,1.564,0.05,18937
25,B1,1521.97,0.05,1.564,0.05,18879
26,B2,1521.97,0.05,1.564,0.05,19900
27,B3,1521.97,0.05,1.564,0.05,18357
28,B4,1521.97,0.05,1.564,0.05,15874
29,B5,1521.97,0.05,1.564,0.05,16575
30,B6,1521.97,0.05,1.564,0.05,51686
31,B7,1521.97,0.05,1.564,0.05,19646
32,B8,1521.97,0.05,1.564,0.05,18209
33,B9,1521.97,0.05,1.564,0.05,19949
34,B10,1521.97,0.05,1.564,0.05,19488
35,B11,1521.97,0.05,1.564,0.05,17491
36,B12,1521.97,0.05,1.564,0.05,18119
37,B13,1521.97,0.05,1.564,0.05,21013
38,B14,1521.97,0.05,1.564,0.05,18349
39,B15,1521.97,0.05,1.564,0.05,18095
40,B16,1521.97,0.05,1.564,0.05,17679
41,B17,1521.97,0.05,1.564,0.05,17726
42,B18,1521.97,0.05,1.564,0.05,19397
43,B19,1521.97,0.05,1.564,0.05,16859
44,B20,1521.97,0.05,1.564,0.05,17759
45,B21,1521.97,0.05,1.564,0.05,16781
46,B22,1521.97,0.05,1.564,0.05,16101
47,B23,1521.97,0.05,1.564,0.05,17369
48,B24,1521.97,0.05,1.564,0.05,23376
49,C1,1521.97,0.05,1.564,0.05,15181
50,C2,1521.97,0.05,1.564,0.05,18251
51,C3,1521.97,0.05,1.564,0.05,15010
52,C4,1521.97,0.05,1.564,0.05,17502
53,C5,1521.97,0.05,1.564,0.05,17700
54,C6,1521.97,0.05,1.564,0.05,15784
55,C7,1521.97,0.05,1.564,0.05,16906
56,C8,1521.97,0.05,1.564,0.05,17164
57,C9,1521.97,0.05,1.564,0.05,14434
58,C10,1521.97,0.05,1.564,0.05,16617
59,C11,1521.97,0.05,1.564,0.05,15982
60,C12,1521.97,0.05,1.564,0.05,18585
61,C13,1521.97,0.05,1.564,0.05,17999
62,C14,1521.97,0.05,1.564,0.05,20325
63,C15,1521.97,0.05,1.564,0.05,17703
64,C16,1521.97,0.05,1.564,0.05,17802
65,C17,1521.97,0.05,1.564,0.05,15153
66,C18,1521.97,0.05,1.564,0.05,15001
67,C19,1521.97,0.05,1.564,0.05,16569
68,C20,1521.97,0.05,1.564,0.05,17882
69,C21,1521.97,0.05,1.564,0.05,18128
70,C22,1521.97,0.05,1.564,0.05,19807
71,C23,1521.97,0.05,1.564,0.05,16619
72,C24,1521.97,0.05,1.564,0.05,15773
73,D1,1521.97,0.05,1.564,0.05,19028
74,D2,1521.97,0.05,1.564,0.05,16400
75,D3,1521.97,0.05,1.564,0.05,18147
76,D4,1521.97,0.05,1.564,0.05,15238
77,D5,1521.97,0.05,1.564,0.05,17629
78,D6,1521.97,0.05,1.564,0.05,19375
79,D7,1521.97,0.05,1.564,0.05,20216
80,D8,1521.97,0.05,1.564,0.05,17188
81,D9,1521.97,0.05,1.564,0.05,19664
82,D10,1521.97,0.05,1.564,0.05,20211
83,D11,1521.97,0.05,1.564,0.05,15752
84,D12,1521.97,0.05,1.564,0.05,17829
85,D13,1521.97,0.05,1.564,0.05,16409
86,D14,1521.97,0.05,1.564,0.05,16750
87,D15,1521.97,0.05,1.564,0.05,18937
88,D16,1521.97,0.05,1.564,0.05,18879
89,D17,1521.97,0.05,1.564,0.05,19900
90,D18,1521.97,0.05,1.564,0.05,18357
91,D19,1521.97,0.05,1.564,0.05,15874
92,D20,1521.97,0.05,1.564,0.05,16575
93,D21,1521.97,0.05,1.564,0.05,51686
94,D22,1521.97,0.05,1.564,0.05,19646
95,D23,1521.97,0.05,1.564,0.05,18209
96,D24,1521.97,0.05,1.564,0.05,19949
97,E1,1521.97,0.05,1.564,0.05,19488
98,E2,1521.97,0.05,1.564,0.05,17491
99,E3,1521.97,0.05,1.564,0.05,18119
100,E4,1521.97,0.05,1.564,0.05,21013
101,E5,1521.97,0.05,1.564,0.05,18349
102,E6,1521.97,0.05,1.564,0.05,18095
103,E7,1521.97,0.05,1.564,0.05,17679
104,E8,1521.97,0.05,1.564,0.05,17726
105,E9,1521.97,0.05,1.564,0.05,19397
106,E10,1521.97,0.05,1.564,0.05,16859
107,E11,1521.97,0.05,1.564,0.05,17759
108,E12,1521.97,0.05,1.564,0.05,16781
109,E13,1521.97,0.05,1.564,0.05,16101
110,E14,1521.97,0.05,1.564,0.05,17369
111,E15,1521.97,0.05,1.564,0.05,23376
112,E16,1521.97,0.05,1.564,0.05,15181
113,E17,1521.97,0.05,1.564,0.05,18251
114,E18,1521.97,0.05,1.564,0.05,15010
115,E19,1521.97,0.05,1.564,0.05,17502
116,E20,1521.97,0.05,1.564,0.05,17700
117,E21,1521.97,0.05,1.564,0.05,15784
118,E22,1521.97,0.05,1.564,0.05,16906
119,E23,1521.97,0.05,1.564,0.05,17164
120,E24,1521.97,0.05,1.564,0.05,14434
121,F1,1521.97,0.05,1.564,0.05,16617
122,F2,1521.97,0.05,1.564,0.05,15982
123,F3,1521.97,0.05,1.564,0.05,18585
124,F4,1521.97,0.05,1.564,0.05,17999
125,F5,1521.97,0.05,1.564,0.05,20325
126,F6,1521.97,0.05,1.564,0.05,17703
127,F7,1521.97,0.05,1.564,0.05,17802
128,F8,1521.97,0.05,1.564,0.05,15153
129,F9,1521.97,0.05,1.564,0.05,15001
130,F10,1521.97,0.05,1.564,0.05,16569
131,F11,1521.97,0.05,1.564,0.05,17882
132,F12,1521.97,0.05,1.564,0.05,18128
133,F13,1521.97,0.05,1.564,0.05,19807
134,F14,1521.97,0.05,1.564,0.05,16619
135,F15,1521.97,0.05,1.564,0.05,15773
136,F16,1521.97,0.05,1.564,0.05,19028
137,F17,1521.97,0.05,1.564,0.05,16400
138,F18,1521.97,0.05,1.564,0.05,18147
139,F19,1521.97,0.05,1.564,0.05,15238
140,F20,1521.97,0.05,1.564,0.05,17629
141,F21,1521.97,0.05,1.564,0.05,19375
142,F22,1521.97,0.05,1.564,0.05,20216
143,F23,1521.97,0.05,1.564,0.05,17188
144,F24,1521.97,0.05,1.564,0.05,19664
145,G1,1521.97,0.05,1.564,0.05,20211
146,G2,1521.97,0.05,1.564,0.05,15752
147,G3,1521.97,0.05,1.564,0.05,17829
148,G4,1521.97,0.05,1.564,0.05,16409
149,G5,1521.97,0.05,1.564,0.05,16750
150,G6,1521.97,0.05,1.564,0.05,18937
151,G7,1521.97,0.05,1.564,0.05,18879
152,G8,1521.97,0.05,1.564,0.05,19900
153,G9,1521.97,0.05,1.564,0.05,18357
154,G10,1521.97,0.05,1.564,0.05,15874
155,G11,1521.97,0.05,1.564,0.05,16575
156,G12,1521.97,0.05,1.564,0.05,51686
157,G13,1521.97,0.05,1.564,0.05,19646
158,G14,1521.97,0.05,1.564,0.05,18209
159,G15,1521.97,0.05,1.564,0.05,19949
160,G16,1521.97,0.05,1.564,0.05,19488
161,G17,1521.97,0.05,1.564,0.05,17491
162,G18,1521.97,0.05,1.564,0.05,18119
163,G19,1521.97,0.05,1.564,0.05,21013
164,G20,1521.97,0.05,1.564,0.05,18349
165,G21,1521.97,0.05,1.564,0.05,18095
166,G22,1521.97,0.05,1.564,0.05,17679
167,G23,1521.97,0.05,1.564,0.05,17726
168,G24,1521.97,0.05,1.564,0.05,19397
169,H1,1521.97,0.05,1.564,0.05,16859
170,H2,1521.97,0.05,1.564,0.05,17759
171,H3,1521.97,0.05,1.564,0.05,16781
172,H4,1521.97,0.05,1.564,0.05,16101
173,H5,1521.97,0.05,1.564,0.05,17369
174,H6,1521.97,0.05,1.564,0.05,23376
175,H7,1521.97,0.05,1.564,0.05,15181
176,H8,1521.97,0.05,1.564,0.05,18251
177,H9,1521.97,0.05,1.564,0.05,15010
178,H10,1521.97,0.05,1.564,0.05,17502
179,H11,1521.97,0.05,1.564,0.05,17700
180,H12,1521.97,0.05,1.564,0.05,15784
181,H13,1521.97,0.05,1.564,0.05,16906
182,H14,1521.97,0.05,1.564,0.05,17164
183,H15,1521.97,0.05,1.564,0.05,14434
184,H16,1521.97,0.05,1.564,0.05,16617
185,H17,1521.97,0.05,1.564,0.05,15982
186,H18,1521.97,0.05,1.564,0.05,18585
187,H19,1521.97,0.05,1.564,0.05,17999
188,H20,1521.97,0.05,1.564,0.05,20325
189,H21,1521.97,0.05,1.564,0.05,17703
190,H22,1521.97,0.05,1.564,0.05,17802
191,H23,1521.97,0.05,1.564,0.05,15153
192,H24,1521.97,0.05,1.564,0.05,15001
193,I1,1521.97,0.05,1.564,0.05,16569
194,I2,1521.97,0.05,1.564,0.05,17882
195,I3,1521.97,0.05,1.564,0.05,18128
196,I4,1521.97,0.05,1.564,0.05,19807
197,I5,1521.97,0.05,1.564,0.05,16619
198,I6,1521.97,0.05,1.564,0.05,15773
199,I7,1521.97,0.05,1.564,0.05,19028
200,I8,1521.97,0.05,1.564,0.05,16400
201,I9,1521.97,0.05,1.564,0.05,18147
202,I10,1521.97,0.05,1.564,0.05,15238
203,I11,1521.97,0.05,1.564,0.05,17629
204,I12,1521.97,0.05,1.564,0.05,19375
205,I13,1521.97,0.05,1.564,0.05,20216
206,I14,1521.97,0.05,1.564,0.05,17188
207,I15,1521.97,0.05,1.564,0.05,19664
208,I16,1521.97,0.05,1.564,0.05,20211
209,I17,1521.97,0.05,1.564,0.05,15752
210,I18,1521.97,0.05,1.564,0.05,17829
211,I19,1521.97,0.05,1.564,0.05,16409
212,I20,1521.97,0.05,1.564,0.05,16750
213,I21,1521.97,0.05,1.564,0.05,18937
214,I22,1521.97,0.05,1.564,0.05,18879
215,I23,1521.97,0.05,1.564,0.05,19900
216,I24,1521.97,0.05,1.564,0.05,18357
217,J1,1521.97,0.05,1.564,0.05,15874
218,J2,1521.97,0.05,1.564,0.05,16575
219,J3,1521.97,0.05,1.564,0.05,51686
220,J4,1521.97,0.05,1.564,0.05,19646
221,J5,1521.97,0.05,1.564,0.05,18209
222,J6,1521.97,0.05,1.564,0.05,19949
223,J7,1521.97,0.05,1.564,0.05,19488
224,J8,1521.97,0.05,1.564,0.05,17491
225,J9,1521.97,0.05,1.564,0.05,18119
226,J10,1521.97,0.05,1.564,0.05,21013
227,J11,1521.97,0.05,1.564,0.05,18349
228,J12,1521.97,0.05,1.564,0.05,18095
229,J13,1521.97,0.05,1.564,0.05,17679
230,J14,1521.97,0.05,1.564,0.05,17726
231,J15,1521.97,0.05,1.564,0.05,19397
232,J16,1521.97,0.05,1.564,0.05,16859
233,J17,1521.97,0.05,1.564,0.05,17759
234,J18,1521.97,0.05,1.564,0.05,16781
235,J19,1521.97,0.05,1.564,0.05,16101
236,J20,1521.97,0.05,1.564,0.05,17369
237,J21,1521.97,0.05,1.564,0.05,23376
238,J22,1521.97,0.05,1.564,0.05,15181
239,J23,1521.97,0.05,1.564,0.05,18251
240,J24,1521.97,0.05,1.564,0.05,15010
241,K1,1521.97,0.05,1.564,0.05,17502
242,K2,1521.97,0.05,1.564,0.05,17700
243,K3,1521.97,0.05,1.564,0.05,15784
244,K4,1521.97,0.05,1.564,0.05,16906
245,K5,1521.97,0.05,1.564,0.05,17164
246,K6,1521.97,0.05,1.564,0.05,14434
247,K7,1521.97,0.05,1.564,0.05,16617
248,K8,1521.97,0.05,1.564,0.05,15982
249,K9,1521.97,0.05,1.564,0.05,18585
250,K10,1521.97,0.05,1.564,0.05,17999
251,K11,1521.97,0.05,1.564,0.05,20325
252,K12,1521.97,0.05,1.564,0.05,17703
253,K13,1521.97,0.05,1.564,0.05,17802
254,K14,1521.97,0.05,1.564,0.05,15153
255,K15,1521.97,0.05,1.564,0.05,15001
256,K16,1521.97,0.05,1.564,0.05,16569
257,K17,1521.97,0.05,1.564,0.05,17882
258,K18,1521.97,0.05,1.564,0.05,18128
259,K19,1521.97,0.05,1.564,0.05,19807
260,K20,1521.97,0.05,1.564,0.05,16619
261,K21,1521.97,0.05,1.564,0.05,15773
262,K22,1521.97,0.05,1.564,0.05,19028
263,K23,1521.97,0.05,1.564,0.05,16400
264,K24,1521.97,0.05,1.564,0.05,18147
265,L1,1521.97,0.05,1.564,0.05,15238
266,L2,1521.97,0.05,1.564,0.05,17629
267,L3,1521.97,0.05,1.564,0.05,19375
268,L4,1521.97,0.05,1.564,0.05,20216
269,L5,1521.97,0.05,1.564,0.05,17188
270,L6,1521.97,0.05,1.564,0.05,19664
271,L7,1521.97,0.05,1.564,0.05,20211
272,L8,1521.97,0.05,1.564,0.05,15752
273,L9,1521.97,0.05,1.564,0.05,17829
274,L10,1521.97,0.05,1.564,0.05,16409
275,L11,1521.97,0.05,1.564,0.05,16750
276,L12,1521.97,0.05,1.564,0.05,18937
277,L13,1521.97,0.05,1.564,0.05,18879
278,L14,1521.97,0.05,1.564,0.05,19900
279,L15,1521.97,0.05,1.564,0.05,18357
280,L16,1521.97,0.05,1.564,0.05,15874
281,L17,1521.97,0.05,1.564,0.05,16575
282,L18,1521.97,0.05,1.564,0.05,51686
283,L19,1521.97,0.05,1.564,0.05,19646
284,L20,1521.97,0.05,1.564,0.05,18209
285,L21,1521.97,0.05,1.564,0.05,19949
286,L22,1521.97,0.05,1.564,0.05,19488
287,L23,1521.97,0.05,1.564,0.05,17491
288,L24,1521.97,0.05,1.564,0.05,18119
289,M1,1521.97,0.05,1.564,0.05,21013
290,M2,1521.97,0.05,1.564,0.05,18349
291,M3,1521.97,0.05,1.564,0.05,18095
292,M4,1521.97,0.05,1.564,0.05,17679
293,M5,1521.97,0.05,1.564,0.05,17726
294,M6,1521.97,0.05,1.564,0.05,19397
295,M7,1521.97,0.05,1.564,0.05,16859
296,M8,1521.97,0.05,1.564,0.05,17759
297,M9,1521.97,0.05,1.564,0.05,16781
298,M10,1521.97,0.05,1.564,0.05,16101
299,M11,1521.97,0.05,1.564,0.05,17369
300,M12,1521.97,0.05,1.564,0.05,23376
301,M13,1521.97,0.05,1.564,0.05,15181
302,M14,1521.97,0.05,1.564,0.05,18251
303,M15,1521.97,0.05,1.564,0.05,15010
304,M16,1521.97,0.05,1.564,0.05,17502
305,M17,1521.97,0.05,1.564,0.05,17700
306,M18,1521.97,0.05,1.564,0.05,15784
307,M19,1521.97,0.05,1.564,0.05,16906
308,M20,1521.97,0.05,1.564,0.05,17164
309,M21,1521.97,0.05,1.564,0.05,14434
310,M22,1521.97,0.05,1.564,0.05,16617
311,M23,1521.97,0.05,1.564,0.05,15982
312,M24,1521.97,0.05,1.564,0.05,18585
313,N1,1521.97,0.05,1.564,0.05,17999
314,N2,1521.97,0.05,1.564,0.05,20325
315,N3,1521.97,0.05,1.564,0.05,17703
316,N4,1521.97,0.05,1.564,0.05,17802
317,N5,1521.97,0.05,1.564,0.05,15153
318,N6,1521.97,0.05,1.564,0.05,15001
319,N7,1521.97,0.05,1.564,0.05,16569
320,N8,1521.97,0.05,1.564,0.05,17882
321,N9,1521.97,0.05,1.564,0.05,18128
322,N10,1521.97,0.05,1.564,0.05,19807
323,N11,1521.97,0.05,1.564,0.05,16619
324,N12,1521.97,0.05,1.564,0.05,15773
325,N13,1521.97,0.05,1.564,0.05,19028
326,N14,1521.97,0.05,1.564,0.05,16400
327,N15,1521.97,0.05,1.564,0.05,18147
328,N16,1521.97,0.05,1.564,0.05,15238
329,N17,1521.97,0.05,1.564,0.05,17629
330,N18,1521.97,0.05,1.564,0.05,19375
331,N19,1521.97,0.05,1.564,0.05,20216
332,N20,1521.97,0.05,1.564,0.05,17188
333,N21,1521.97,0.05,1.564,0.05,19664
334,N22,1521.97,0.05,1.564,0.05,20211
335,N23,1521.97,0.05,1.564,0.05,15752
336,N24,1521.97,0.05,1.564,0.05,17829
337,O1,1521.97,0.05,1.564,0.05,16409
338,O2,1521.97,0.05,1.564,0.05,16750
339,O3,1521.97,0.05,1.564,0.05,18937
340,O4,1521.97,0.05,1.564,0.05,18879
341,O5,1521.97,0.05,1.564,0.05,19900
342,O6,1521.97,0.05,1.564,0.05,18357
343,O7,1521.97,0.05,1.564,0.05,15874
344,O8,1521.97,0.05,1.564,0.05,16575
345,O9,1521.97,0.05,1.564,0.05,51686
346,O10,1521.97,0.05,1.564,0.05,19646
347,O11,1521.97,0.05,1.564,0.05,18209
348,O12,1521.97,0.05,1.564,0.05,19949
349,O13,1521.97,0.05,1.564,0.05,19488
350,O14,1521.97,0.05,1.564,0.05,17491
351,O15,1521.97,0.05,1.564,0.05,18119
352,O16,1521.97,0.05,1.564,0.05,21013
353,O17,1521.97,0.05,1.564,0.05,18349
354,O18,1521.97,0.05,1.564,0.05,18095
355,O19,1521.97,0.05,1.564,0.05,17679
356,O20,1521.97,0.05,1.564,0.05,17726
357,O21,1521.97,0.05,1.564,0.05,19397
358,O22,1521.97,0.05,1.564,0.05,16859
359,O23,1521.97,0.05,1.564,0.05,17759
360,O24,1521.97,0.05,1.564,0.05,16781
361,P1,1521.97,0.05,1.564,0.05,16101
362,P2,1521.97,0.05,1.564,0.05,17369
363,P3,1521.97,0.05,1.564,0.05,23376
364,P4,1521.97,0.05,1.564,0.05,15181
365,P5,1521.97,0.05,1.564,0.05,18251
366,P6,1521.97,0.05,1.564,0.05,15010
367,P7,1521.97,0.05,1.564,0.05,17502
368,P8,1521.97,0.05,1.564,0.05,17700
369,P9,1521.97,0.05,1.564,0.05,15784
370,P10,1521.97,0.05,1.564,0.05,16906
371,P11,1521.97,0.05,1.564,0.05,17164
372,P12,1521.97,0.05,1.564,0.05,14434
373,P13,1521.97,0.05,1.564,0.05,16617
374,P14,1521.97,0.05,1.564,0.05,15982
375,P15,1521.97,0.05,1.564,0.05,18585
376,P16,1521.97,0.05,1.564,0.05,17999
377,P17,1521.97,0.05,1.564,0.05,20325
378,P18,1521.97,0.05,1.564,0.05,17703
379,P19,1521.97,0.05,1.564,0.05,17802
380,P20,1521.97,0.05,1.564,0.05,15153
381,P21,1521.97,0.05,1.564,0.05,15001
382,P22,1521.97,0.05,1.564,0.05,16569
383,P23,1521.97,0.05,1.564,0.05,17882
384,P24,1521.97,0.05,1.564,0.05,18128
1,A1,1821.94,0.05,1.73,0.05,32980
2,A2,1821.94,0.05,1.73,0.05,29872
3,A3,1821.94,0.05,1.73,0.05,34489
4,A4,1821.94,0.05,1.73,0.05,30413
5,A5,1821.94,0.05,1.73,0.05,28946
6,A6,1821.94,0.05,1.73,0.05,29182
7,A7,1821.94,0.05,1.73,0.05,33278
8,A8,1821.94,0.05,1.73,0.05,30659
9,A9,1821.94,0.05,1.73,0.05,33194
10,A10,1821.94,0.05,1.73,0.05,36034
11,A11,1821.94,0.05,1.73,0.05,27000
12,A12,1821.94,0.05,1.73,0.05,28741
13,A13,1821.94,0.05,1.73,0.05,28261
14,A14,1821.94,0.05,1.73,0.05,29813
15,A15,1821.94,0.05,1.73,0.05,28739
16,A16,1821.94,0.05,1.73,0.05,31970
17,A17,1821.94,0.05,1.73,0.05,31140
18,A18,1821.94,0.05,1.73,0.05,34192
19,A19,1821.94,0.05,1.73,0.05,28201
20,A20,1821.94,0.05,1.73,0.05,31996
21,A21,1821.94,0.05,1.73,0.05,30582
22,A22,1821.94,0.05,1.73,0.05,29840
23,A23,1821.94,0.05,1.73,0.05,27841
24,A24,1821.94,0.05,1.73,0.05,33077
25,B1,1821.94,0.05,1.73,0.05,36051
26,B2,1821.94,0.05,1.73,0.05,29069
27,B3,1821.94,0.05,1.73,0.05,32760
28,B4,1821.94,0.05,1.73,0.05,29874
29,B5,1821.94,0.05,1.73,0.05,27462
30,B6,1821.94,0.05,1.73,0.05,50519
31,B7,1821.94,0.05,1.73,0.05,32050
32,B8,1821.94,0.05,1.73,0.05,36327
33,B9,1821.94,0.05,1.73,0.05,31619
34,B10,1821.94,0.05,1.73,0.05,35108
35,B11,1821.94,0.05,1.73,0.05,33427
36,B12,1821.94,0.05,1.73,0.05,28707
37,B13,1821.94,0.05,1.73,0.05,33686
38,B14,1821.94,0.05,1.73,0.05,34276
39,B15,1821.94,0.05,1.73,0.05,33627
40,B16,1821.94,0.05,1.73,0.05,31152
41,B17,1821.94,0.05,1.73,0.05,33782
42,B18,1821.94,0.05,1.73,0.05,32390
43,B19,1821.94,0.05,1.73,0.05,34216
44,B20,1821.94,0.05,1.73,0.05,33450
45,B21,1821.94,0.05,1.73,0.05,32625
46,B22,1821.94,0.05,1.73,0.05,30575
47,B23,1821.94,0.05,1.73,0.05,33071
48,B24,1821.94,0.05,1.73,0.05,32224
49,C1,1821.94,0.05,1.73,0.05,30624
50,C2,1821.94,0.05,1.73,0.05,32669
51,C3,1821.94,0.05,1.73,0.05,37001
52,C4,1821.94,0.05,1.73,0.05,30458
53,C5,1821.94,0.05,1.73,0.05,31135
54,C6,1821.94,0.05,1.73,0.05,28831
55,C7,1821.94,0.05,1.73,0.05,27341
56,C8,1821.94,0.05,1.73,0.05,29913
57,C9,1821.94,0.05,1.73,0.05,29355
58,C10,1821.94,0.05,1.73,0.05,29400
59,C11,1821.94,0.05,1.73,0.05,31816
60,C12,1821.94,0.05,1.73,0.05,28025
61,C13,1821.94,0.05,1.73,0.05,31794
62,C14,1821.94,0.05,1.73,0.05,32896
63,C15,1821.94,0.05,1.73,0.05,31768
64,C16,1821.94,0.05,1.73,0.05,32980
65,C17,1821.94,0.05,1.73,0.05,29872
66,C18,1821.94,0.05,1.73,0.05,34489
67,C19,1821.94,0.05,1.73,0.05,30413
68,C20,1821.94,0.05,1.73,0.05,28946
69,C21,1821.94,0.05,1.73,0.05,29182
70,C22,1821.94,0.05,1.73,0.05,33278
71,C23,1821.94,0.05,1.73,0.05,30659
72,C24,1821.94,0.05,1.73,0.05,33194
73,D1,1821.94,0.05,1.73,0.05,36034
74,D2,1821.94,0.05,1.73,0.05,27000
75,D3,1821.94,0.05,1.73,0.05,28741
76,D4,1821.94,0.05,1.73,0.05,28261
77,D5,1821.94,0.05,1.73,0.05,29813
78,D6,1821.94,0.05,1.73,0.05,28739
79,D7,1821.94,0.05,1.73,0.05,31970
80,D8,1821.94,0.05,1.73,0.05,31140
81,D9,1821.94,0.05,1.73,0.05,34192
82,D10,1821.94,0.05,1.73,0.05,28201
83,D11,1821.94,0.05,1.73,0.05,31996
84,D12,1821.94,0.05,1.73,0.05,30582
85,D13,1821.94,0.05,1.73,0.05,29840
86,D14,1821.94,0.05,1.73,0.05,27841
87,D15,1821.94,0.05,1.73,0.05,33077
88,D16,1821.94,0.05,1.73,0.05,36051
89,D17,1821.94,0.05,1.73,0.05,29069
90,D18,1821.94,0.05,1.73,0.05,32760
91,D19,1821.94,0.05,1.73,0.05,29874
92,D20,1821.94,0.05,1.73,0.05,27462
93,D21,1821.94,0.05,1.73,0.05,50519
94,D22,1821.94,0.05,1.73,0.05,32050
95,D23,1821.94,0.05,1.73,0.05,36327
96,D24,1821.94,0.05,1.73,0.05,31619
97,E1,1821.94,0.05,1.73,0.05,35108
98,E2,1821.94,0.05,1.73,0.05,33427
99,E3,1821.94,0.05,1.73,0.05,28707
100,E4,1821.94,0.05,1.73,0.05,33686
101,E5,1821.94,0.05,1.73,0.05,34276
102,E6,1821.94,0.05,1.73,0.05,33627
103,E7,1821.94,0.05,1.73,0.05,31152
104,E8,1821.94,0.05,1.73,0.05,33782
105,E9,1821.94,0.05,1.73,0.05,32390
106,E10,1821.94,0.05,1.73,0.05,34216
107,E11,1821.94,0.05,1.73,0.05,33450
108,E12,1821.94,0.05,1.73,0.05,32625
109,E13,1821.94,0.05,1.73,0.05,30575
110,E14,1821.94,0.05,1.73,0.05,33071
111,E15,1821.94,0.05,1.73,0.05,32224
112,E16,1821.94,0.05,1.73,0.05,30624
113,E17,1821.94,0.05,1.73,0.05,32669
114,E18,1821.94,0.05,1.73,0.05,37001
115,E19,1821.94,0.05,1.73,0.05,30458
116,E20,1821.94,0.05,1.73,0.05,31135
117,E21,1821.94,0.05,1.73,0.05,28831
118,E22,1821.94,0.05,1.73,0.05,27341
119,E23,1821.94,0.05,1.73,0.05,29913
120,E24,1821.94,0.05,1.73,0.05,29355
121,F1,1821.94,0.05,1.73,0.05,29400
122,F2,1821.94,0.05,1.73,0.05,31816
123,F3,1821.94,0.05,1.73,0.05,28025
124,F4,1821.94,0.05,1.73,0.05,31794
125,F5,1821.94,0.05,1.73,0.05,32896
126,F6,1821.94,0.05,1.73,0.05,31768
127,F7,1821.94,0.05,1.73,0.05,32980
128,F8,1821.94,0.05,1.73,0.05,29872
129,F9,1821.94,0.05,1.73,0.05,34489
130,F10,1821.94,0.05,1.73,0.05,30413
131,F11,1821.94,0.05,1.73,0.05,28946
132,F12,1821.94,0.05,1.73,0.05,29182
133,F13,1821.94,0.05,1.73,0.05,33278
134,F14,1821.94,0.05,1.73,0.05,30659
135,F15,1821.94,0.05,1.73,0.05,33194
136,F16,1821.94,0.05,1.73,0.05,36034
137,F17,1821.94,0.05,1.73,0.05,27000
138,F18,1821.94,0.05,1.73,0.05,28741
139,F19,1821.94,0.05,1.73,0.05,28261
140,F20,1821.94,0.05,1.73,0.05,29813
141,F21,1821.94,0.05,1.73,0.05,28739
142,F22,1821.94,0.05,1.73,0.05,31970
143,F23,1821.94,0.05,1.73,0.05,31140
144,F24,1821.94,0.05,1.73,0.05,34192
145,G1,1821.94,0.05,1.73,0.05,28201
146,G2,1821.94,0.05,1.73,0.05,31996
147,G3,1821.94,0.05,1.73,0.05,30582
148,G4,1821.94,0.05,1.73,0.05,29840
149,G5,1821.94,0.05,1.73,0.05,27841
150,G6,1821.94,0.05,1.73,0.05,33077
151,G7,1821.94,0.05,1.73,0.05,36051
152,G8,1821.94,0.05,1.73,0.05,29069
153,G9,1821.94,0.05,1.73,0.05,32760
154,G10,1821.94,0.05,1.73,0.05,29874
155,G11,1821.94,0.05,1.73,0.05,27462
156,G12,1821.94,0.05,1.73,0.05,50519
157,G13,1821.94,0.05,1.73,0.05,32050
158,G14,1821.94,0.05,1.73,0.05,36327
159,G15,1821.94,0.05,1.73,0.05,31619
160,G16,1821.94,0.05,1.73,0.05,35108
161,G17,1821.94,0.05,1.73,0.05,33427
162,G18,1821.94,0.05,1.73,0.05,28707
163,G19,1821.94,0.05,1.73,0.05,33686
164,G20,1821.94,0.05,1.73,0.05,34276
165,G21,1821.94,0.05,1.73,0.05,33627
166,G22,1821.94,0.05,1.73,0.05,31152
167,G23,1821.94,0.05,1.73,0.05,33782
168,G24,1821.94,0.05,1.73,0.05,32390
169,H1,1821.94,0.05,1.73,0.05,34216
170,H2,1821.94,0.05,1.73,0.05,33450
171,H3,1821.94,0.05,1.73,0.05,32625
172,H4,1821.94,0.05,1.73,0.05,30575
173,H5,1821.94,0.05,1.73,0.05,33071
174,H6,1821.94,0.05,1.73,0.05,32224
175,H7,1821.94,0.05,1.73,0.05,30624
176,H8,1821.94,0.05,1.73,0.05,32669
177,H9,1821.94,0.05,1.73,0.05,37001
178,H10,1821.94,0.05,1.73,0.05,30458
179,H11,1821.94,0.05,1.73,0.05,31135
180,H12,1821.94,0.05,1.73,0.05,28831
181,H13,1821.94,0.05,1.73,0.05,27341
182,H14,1821.94,0.05,1.73,0.05,29913
183,H15,1821.94,0.05,1.73,0.05,29355
184,H16,1821.94,0.05,1.73,0.05,29400
185,H17,1821.94,0.05,1.73,0.05,31816
186,H18,1821.94,0.05,1.73,0.05,28025
187,H19,1821.94,0.05,1.73,0.05,31794
188,H20,1821.94,0.05,1.73,0.05,32896
189,H21,1821.94,0.05,1.73,0.05,31768
190,H22,1821.94,0.05,1.73,0.05,32980
191,H23,1821.94,0.05,1.73,0.05,29872
192,H24,1821.94,0.05,1.73,0.05,34489
193,I1,1821.94,0.05,1.73,0.05,30413
194,I2,1821.94,0.05,1.73,0.05,28946
195,I3,1821.94,0.05,1.73,0.05,29182
196,I4,1821.94,0.05,1.73,0.05,33278
197,I5,1821.94,0.05,1.73,0.05,30659
198,I6,1821.94,0.05,1.73,0.05,33194
199,I7,1821.94,0.05,1.73,0.05,36034
200,I8,1821.94,0.05,1.73,0.05,27000
201,I9,1821.94,0.05,1.73,0.05,28741
202,I10,1821.94,0.05,1.73,0.05,28261
203,I11,1821.94,0.05,1.73,0.05,29813
204,I12,1821.94,0.05,1.73,0.05,28739
205,I13,1821.94,0.05,1.73,0.05,31970
206,I14,1821.94,0.05,1.73,0.05,31140
207,I15,1821.94,0.05,1.73,0.05,34192
208,I16,1821.94,0.05,1.73,0.05,28201
209,I17,1821.94,0.05,1.73,0.05,31996
210,I18,1821.94,0.05,1.73,0.05,30582
211,I19,1821.94,0.05,1.73,0.05,29840
212,I20,1821.94,0.05,1.73,0.05,27841
213,I21,1821.94,0.05,1.73,0.05,33077
214,I22,1821.94,0.05,1.73,0.05,36051
215,I23,1821.94,0.05,1.73,0.05,29069
216,I24,1821.94,0.05,1.73,0.05,32760
217,J1,1821.94,0.05,1.73,0.05,29874
218,J2,1821.94,0.05,1.73,0.05,27462
219,J3,1821.94,0.05,1.73,0.05,50519
220,J4,1821.94,0.05,1.73,0.05,32050
221,J5,1821.94,0.05,1.73,0.05,36327
222,J6,1821.94,0.05,1.73,0.05,31619
223,J7,1821.94,0.05,1.73,0.05,35108
224,J8,1821.94,0.05,1.73,0.05,33427
225,J9,1821.94,0.05,1.73,0.05,28707
226,J10,1821.94,0.05,1.73,0.05,33686
227,J11,1821.94,0.05,1.73,0.05,34276
228,J12,1821.94,0.05,1.73,0.05,33627
229,J13,1821.94,0.05,1.73,0.05,31152
230,J14,1821.94,0.05,1.73,0.05,33782
231,J15,1821.94,0.05,1.73,0.05,32390
232,J16,1821.94,0.05,1.73,0.05,34216
233,J17,1821.94,0.05,1.73,0.05,33450
234,J18,1821.94,0.05,1.73,0.05,32625
235,J19,1821.94,0.05,1.73,0.05,30575
236,J20,1821.94,0.05,1.73,0.05,33071
237,J21,1821.94,0.05,1.73,0.05,32224
238,J22,1821.94,0.05,1.73,0.05,30624
239,J23,1821.94,0.05,1.73,0.05,32669
240,J24,1821.94,0.05,1.73,0.05,37001
241,K1,1821.94,0.05,1.73,0.05,30458
242,K2,1821.94,0.05,1.73,0.05,31135
243,K3,1821.94,0.05,1.73,0.05,28831
244,K4,1821.94,0.05,1.73,0.05,27341
245,K5,1821.94,0.05,1.73,0.05,29913
246,K6,1821.94,0.05,1.73,0.05,29355
247,K7,1821.94,0.05,1.73,0.05,29400
248,K8,1821.94,0.05,1.73,0.05,31816
249,K9,1821.94,0.05,1.73,0.05,28025
250,K10,1821.94,0.05,1.73,0.05,31794
251,K11,1821.94,0.05,1.73,0.05,32896
252,K12,1821.94,0.05,1.73,0.05,31768
253,K13,1821.94,0.05,1.73,0.05,32980
254,K14,1821.94,0.05,1.73,0.05,29872
255,K15,1821.94,0.05,1.73,0.05,34489
256,K16,1821.94,0.05,1.73,0.05,30413
257,K17,1821.94,0.05,1.73,0.05,28946
258,K18,1821.94,0.05,1.73,0.05,29182
259,K19,1821.94,0.05,1.73,0.05,33278
260,K20,1821.94,0.05,1.73,0.05,30659
261,K21,1821.94,0.05,1.73,0.05,33194
262,K22,1821.94,0.05,1.73,0.05,36034
263,K23,1821.94,0.05,1.73,0.05,27000
264,K24,1821.94,0.05,1.73,0.05,28741
265,L1,1821.94,0.05,1.73,0.05,28261
266,L2,1821.94,0.05,1.73,0.05,29813
267,L3,1821.94,0.05,1.73,0.05,28739
268,L4,1821.94,0.05,1.73,0.05,31970
269,L5,1821.94,0.05,1.73,0.05,31140
270,L6,1821.94,0.05,1.73,0.05,34192
271,L7,1821.94,0.05,1.73,0.05,28201
272,L8,1821.94,0.05,1.73,0.05,31996
273,L9,1821.94,0.05,1.73,0.05,30582
274,L10,1821.94,0.05,1.73,0.05,29840
275,L11,1821.94,0.05,1.73,0.05,27841
276,L12,1821.94,0.05,1.73,0.05,33077
277,L13,1821.94,0.05,1.73,0.05,36051
278,L14,1821.94,0.05,1.73,0.05,29069
279,L15,1821.94,0.05,1.73,0.05,32760
280,L16,1821.94,0.05,1.73,0.05,29874
281,L17,1821.94,0.05,1.73,0.05,27462
282,L18,1821.94,0.05,1.73,0.05,50519
283,L19,1821.94,0.05,1.73,0.05,32050
284,L20,1821.94,0.05,1.73,0.05,36327
285,L21,1821.94,0.05,1.73,0.05,31619
286,L22,1821.94,0.05,1.73,0.05,35108
287,L23,1821.94,0.05,1.73,0.05,33427
288,L24,1821.94,0.05,1.73,0.05,28707
289,M1,1821.94,0.05,1.73,0.05,33686
290,M2,1821.94,0.05,1.73,0.05,34276
291,M3,1821.94,0.05,1.73,0.05,33627
292,M4,1821.94,0.05,1.73,0.05,31152
293,M5,1821.94,0.05,1.73,0.05,33782
294,M6,1821.94,0.05,1.73,0.05,32390
295,M7,1821.94,0.05,1.73,0.05,34216
296,M8,1821.94,0.05,1.73,0.05,33450
297,M9,1821.94,0.05,1.73,0.05,32625
298,M10,1821.94,0.05,1.73,0.05,30575
299,M11,1821.94,0.05,1.73,0.05,33071
300,M12,1821.94,0.05,1.73,0.05,32224
301,M13,1821.94,0.05,1.73,0.05,30624
302,M14,1821.94,0.05,1.73,0.05,32669
303,M15,1821.94,0.05,1.73,0.05,37001
304,M16,1821.94,0.05,1.73,0.05,30458
305,M17,1821.94,0.05,1.73,0.05,31135
306,M18,1821.94,0.05,1.73,0.05,28831
307,M19,1821.94,0.05,1.73,0.05,27341
308,M20,1821.94,0.05,1.73,0.05,29913
309,M21,1821.94,0.05,1.73,0.05,29355
310,M22,1821.94,0.05,1.73,0.05,29400
311,M23,1821.94,0.05,1.73,0.05,31816
312,M24,1821.94,0.05,1.73,0.05,28025
313,N1,1821.94,0.05,1.73,0.05,31794
314,N2,1821.94,0.05,1.73,0.05,32896
315,N3,1821.94,0.05,1.73,0.05,31768
316,N4,1821.94,0.05,1.73,0.05,32980
317,N5,1821.94,0.05,1.73,0.05,29872
318,N6,1821.94,0.05,1.73,0.05,34489
319,N7,1821.94,0.05,1.73,0.05,30413
320,N8,1821.94,0.05,1.73,0.05,28946
321,N9,1821.94,0.05,1.73,0.05,29182
322,N10,1821.94,0.05,1.73,0.05,33278
323,N11,1821.94,0.05,1.73,0.05,30659
324,N12,1821.94,0.05,1.73,0.05,33194
325,N13,1821.94,0.05,1.73,0.05,36034
326,N14,1821.94,0.05,1.73,0.05,27000
327,N15,1821.94,0.05,1.73,0.05,28741
328,N16,1821.94,0.05,1.73,0.05,28261
329,N17,1821.94,0.05,1.73,0.05,29813
330,N18,1821.94,0.05,1.73,0.05,28739
331,N19,1821.94,0.05,1.73,0.05,31970
332,N20,1821.94,0.05,1.73,0.05,31140
333,N21,1821.94,0.05,1.73,0.05,34192
334,N22,1821.94,0.05,1.73,0.05,28201
335,N23,1821.94,0.05,1.73,0.05,31996
336,N24,1821.94,0.05,1.73,0.05,30582
337,O1,1821.94,0.05,1.73,0.05,29840
338,O2,1821.94,0.05,1.73,0.05,27841
339,O3,1821.94,0.05,1.73,0.05,33077
340,O4,1821.94,0.05,1.73,0.05,36051
341,O5,1821.94,0.05,1.73,0.05,29069
342,O6,1821.94,0.05,1.73,0.05,32760
343,O7,1821.94,0.05,1.73,0.05,29874
344,O8,1821.94,0.05,1.73,0.05,27462
345,O9,1821.94,0.05,1.73,0.05,50519
346,O10,1821.94,0.05,1.73,0.05,32050
347,O11,1821.94,0.05,1.73,0.05,36327
348,O12,1821.94,0.05,1.73,0.05,31619
349,O13,1821.94,0.05,1.73,0.05,35108
350,O14,1821.94,0.05,1.73,0.05,33427
351,O15,1821.94,0.05,1.73,0.05,28707
352,O16,1821.94,0.05,1.73,0.05,33686
353,O17,1821.94,0.05,1.73,0.05,34276
354,O18,1821.94,0.05,1.73,0.05,33627
355,O19,1821.94,0.05,1.73,0.05,31152
356,O20,1821.94,0.05,1.73,0.05,33782
357,O21,1821.94,0.05,1.73,0.05,32390
358,O22,1821.94,0.05,1.73,0.05,34216
359,O23,1821.94,0.05,1.73,0.05,33450
360,O24,1821.94,0.05,1.73,0.05,32625
361,P1,1821.94,0.05,1.73,0.05,30575
362,P2,1821.94,0.05,1.73,0.05,33071
363,P3,1821.94,0.05,1.73,0.05,32224
364,P4,1821.94,0.05,1.73,0.05,30624
365,P5,1821.94,0.05,1.73,0.05,32669
366,P6,1821.94,0.05,1.73,0.05,37001
367,P7,1821.94,0.05,1.73,0.05,30458
368,P8,1821.94,0.05,1.73,0.05,31135
369,P9,1821.94,0.05,1.73,0.05,28831
370,P10,1821.94,0.05,1.73,0.05,27341
371,P11,1821.94,0.05,1.73,0.05,29913
372,P12,1821.94,0.05,1.73,0.05,29355
373,P13,1821.94,0.05,1.73,0.05,29400
374,P14,1821.94,0.05,1.73,0.05,31816
375,P15,1821.94,0.05,1.73,0.05,28025
376,P16,1821.94,0.05,1.73,0.05,31794
377,P17,1821.94,0.05,1.73,0.05,32896
378,P18,1821.94,0.05,1.73,0.05,31768
379,P19,1821.94,0.05,1.73,0.05,32980
380,P20,1821.94,0.05,1.73,0.05,29872
381,P21,1821.94,0.05,1.73,0.05,34489
382,P22,1821.94,0.05,1.73,0.05,30413
383,P23,1821.94,0.05,1.73,0.05,28946
384,P24,1821.94,0.05,1.73,0.05,29182
